1776131133968464600 9 2 0 654.237 439.683
1776131133968464600 9 2 1 692.249 439.994
1776131133968464600 9 2 2 692.514 399.527
1776131133968464600 9 2 3 654.407 399.149
1776131134001899414 9 2 0 654.29 439.682
1776131134001899414 9 2 1 692.182 440.24
1776131134001899414 9 2 2 692.507 399.597
1776131134001899414 9 2 3 654.372 399.173
1776131134035312744 9 2 0 654.208 439.636
1776131134035312744 9 2 1 692.134 439.914
1776131134035312744 9 2 2 692.52 399.531
1776131134035312744 9 2 3 654.339 399.275
1776131134068721680 9 2 0 654.109 439.792
1776131134068721680 9 2 1 692.266 440.029
1776131134068721680 9 2 2 692.433 399.549
1776131134068721680 9 2 3 654.353 399.208
1776131134202301025 9 2 0 654.04 439.546
1776131134202301025 9 2 1 692.133 440.052
1776131134202301025 9 2 2 692.437 399.357
1776131134202301025 9 2 3 654.22 399.381
1776131134302424072 9 2 0 654.709 439.876
1776131134302424072 9 2 1 692.348 440.199
1776131134302424072 9 2 2 692.984 399.731
1776131134302424072 9 2 3 654.736 399.108
1776131134335788086 9 2 0 654.54 439.742
1776131134335788086 9 2 1 692.497 440.282
1776131134335788086 9 2 2 692.975 399.667
1776131134335788086 9 2 3 654.83 399.33
1776131134402505127 9 2 0 655.394 439.817
1776131134402505127 9 2 1 693.078 440.323
1776131134402505127 9 2 2 693.629 399.631
1776131134402505127 9 2 3 655.306 399.463
1776131134635912354 9 2 0 655.822 439.624
1776131134635912354 9 2 1 693.7 440.329
1776131134635912354 9 2 2 694.269 399.575
1776131134635912354 9 2 3 655.84 399.393
1776131134669252686 9 2 0 656.072 439.798
1776131134669252686 9 2 1 693.89 440.351
1776131134669252686 9 2 2 694.284 399.724
1776131134669252686 9 2 3 656.105 399.319
1776131134769260010 9 2 0 656.968 440.032
1776131134769260010 9 2 1 694.908 440.24
1776131134769260010 9 2 2 695.453 399.722
1776131134769260010 9 2 3 657.153 399.401
1776131134969243896 9 2 0 660.483 439.916
1776131134969243896 9 2 1 698.373 440.612
1776131134969243896 9 2 2 698.614 399.926
1776131134969243896 9 2 3 660.664 399.603
1776131135102513916 9 2 0 659.267 440.038
1776131135102513916 9 2 1 697.05 440.572
1776131135102513916 9 2 2 697.508 399.874
1776131135102513916 9 2 3 659.124 399.582
1776131135202435059 9 2 0 661.707 440.057
1776131135202435059 9 2 1 699.438 440.649
1776131135202435059 9 2 2 699.95 399.901
1776131135202435059 9 2 3 661.797 399.579
1776131135302329590 9 2 0 662.467 440.017
1776131135302329590 9 2 1 700.311 440.65
1776131135302329590 9 2 2 700.809 399.979
1776131135302329590 9 2 3 662.833 399.705
1776131135402197021 9 2 0 663.013 440.49
1776131135402197021 9 2 1 700.598 440.837
1776131135402197021 9 2 2 701.345 400.37
1776131135402197021 9 2 3 663.014 399.743
1776131135435480225 9 2 0 664.813 440.35
1776131135435480225 9 2 1 702.411 441.025
1776131135435480225 9 2 2 702.647 400.316
1776131135435480225 9 2 3 664.698 399.939
1776131135535311768 9 2 0 668.648 440.452
1776131135535311768 9 2 1 706.279 441.155
1776131135535311768 9 2 2 706.551 400.518
1776131135535311768 9 2 3 668.667 399.787
1776131135734894775 9 2 0 684.279 441.555
1776131135734894775 9 2 1 721.59 441.985
1776131135734894775 9 2 2 721.999 401.542
1776131135734894775 9 2 3 684.131 401.306
1776131135834648193 9 2 0 692.495 441.748
1776131135834648193 9 2 1 729.813 442.055
1776131135834648193 9 2 2 730.432 401.629
1776131135834648193 9 2 3 692.681 401.595
1776131135968078369 9 2 0 692.35 441.506
1776131135968078369 9 2 1 729.85 441.85
1776131135968078369 9 2 2 730.362 401.694
1776131135968078369 9 2 3 692.777 401.351
1776131136068153564 9 2 0 690.495 441.671
1776131136068153564 9 2 1 727.618 441.978
1776131136068153564 9 2 2 728.11 401.553
1776131136068153564 9 2 3 690.407 401.42
1776131136168231201 9 2 0 693.381 441.838
1776131136168231201 9 2 1 730.922 441.916
1776131136168231201 9 2 2 731.065 401.745
1776131136168231201 9 2 3 693.464 401.586
1776131136301671875 9 2 0 690.921 441.761
1776131136301671875 9 2 1 728.503 442.109
1776131136301671875 9 2 2 728.757 401.839
1776131136301671875 9 2 3 691.124 401.299
1776131136401755371 9 2 0 683.679 441.81
1776131136401755371 9 2 1 721.072 441.888
1776131136401755371 9 2 2 721.701 401.778
1776131136401755371 9 2 3 684.188 401.369
1776131136535203369 9 2 0 680.515 441.355
1776131136535203369 9 2 1 717.908 441.866
1776131136535203369 9 2 2 718.425 401.417
1776131136535203369 9 2 3 680.534 401.102
1776131136635292236 9 2 0 680.571 441.593
1776131136635292236 9 2 1 717.876 441.974
1776131136635292236 9 2 2 718.454 401.647
1776131136635292236 9 2 3 680.526 401.2
1776131136735383545 9 2 0 674.902 441.491
1776131136735383545 9 2 1 712.511 441.706
1776131136735383545 9 2 2 713.279 401.386
1776131136735383545 9 2 3 675.294 400.935
1776131136835476807 9 2 0 664.713 441.363
1776131136835476807 9 2 1 702.25 441.848
1776131136835476807 9 2 2 702.759 401.31
1776131136835476807 9 2 3 664.716 400.852
1776131136968897949 9 2 0 663.381 441.16
1776131136968897949 9 2 1 701.134 441.367
1776131136968897949 9 2 2 701.536 400.898
1776131136968897949 9 2 3 663.479 400.399
1776131137068963135 9 2 0 662.973 440.798
1776131137068963135 9 2 1 700.662 441.299
1776131137068963135 9 2 2 701.145 400.686
1776131137068963135 9 2 3 662.87 400.236
1776131137102318115 9 2 0 662.271 441.089
1776131137102318115 9 2 1 699.845 441.366
1776131137102318115 9 2 2 700.561 400.769
1776131137102318115 9 2 3 662.136 400.455
1776131137302447510 9 2 0 664.78 441.127
1776131137302447510 9 2 1 702.448 441.475
1776131137302447510 9 2 2 702.83 401.105
1776131137302447510 9 2 3 664.778 400.659
1776131137335802246 9 2 0 666.609 441.086
1776131137335802246 9 2 1 704.358 441.371
1776131137335802246 9 2 2 704.654 401.068
1776131137335802246 9 2 3 666.536 400.499
1776131137435866211 9 2 0 676.311 441.178
1776131137435866211 9 2 1 714.101 441.526
1776131137435866211 9 2 2 714.226 401.103
1776131137435866211 9 2 3 676.422 400.664
1776131137569284180 9 2 0 684.565 441.209
1776131137569284180 9 2 1 721.933 441.537
1776131137569284180 9 2 2 722.451 401.197
1776131137569284180 9 2 3 684.616 400.821
1776131137769409912 9 2 0 672.785 440.959
1776131137769409912 9 2 1 710.277 441.261
1776131137769409912 9 2 2 710.842 400.852
1776131137769409912 9 2 3 672.85 400.427
1776131137902834717 9 2 0 671.738 440.84
1776131137902834717 9 2 1 709.266 441.249
1776131137902834717 9 2 2 709.786 400.761
1776131137902834717 9 2 3 671.774 400.305
1776131137936192871 9 2 0 673.329 440.549
1776131137936192871 9 2 1 711.012 441.16
1776131137936192871 9 2 2 711.388 400.617
1776131137936192871 9 2 3 673.522 400.152
1776131138136343994 9 2 0 670.754 440.557
1776131138136343994 9 2 1 708.177 440.888
1776131138136343994 9 2 2 708.946 400.465
1776131138136343994 9 2 3 670.831 399.91
1776131138169702881 9 2 0 667.228 440.426
1776131138169702881 9 2 1 704.879 440.702
1776131138169702881 9 2 2 705.624 400.187
1776131138169702881 9 2 3 667.634 399.887
1776131138236420410 9 2 0 657.636 439.858
1776131138236420410 9 2 1 695.475 440.345
1776131138236420410 9 2 2 696.041 399.789
1776131138236420410 9 2 3 657.931 399.503
1776131138469933594 9 2 0 646.639 439.638
1776131138469933594 9 2 1 684.581 440.051
1776131138469933594 9 2 2 685.058 399.375
1776131138469933594 9 2 3 646.705 399.028
1776131138603371094 9 2 0 643.423 439.927
1776131138603371094 9 2 1 681.447 440.35
1776131138603371094 9 2 2 681.983 399.737
1776131138603371094 9 2 3 643.514 399.375
1776131138703449707 9 2 0 642.395 439.7
1776131138703449707 9 2 1 680.398 439.98
1776131138703449707 9 2 2 680.622 399.446
1776131138703449707 9 2 3 642.546 398.983
1776131138736809326 9 2 0 640.094 439.447
1776131138736809326 9 2 1 678.037 440.023
1776131138736809326 9 2 2 678.551 399.174
1776131138736809326 9 2 3 640.208 398.919
1776131138803528809 9 2 0 637.329 439.177
1776131138803528809 9 2 1 675.485 439.63
1776131138803528809 9 2 2 676.155 398.702
1776131138803528809 9 2 3 637.612 398.284
1776131138903612061 9 2 0 637.682 439.445
1776131138903612061 9 2 1 675.77 439.871
1776131138903612061 9 2 2 676.166 399.115
1776131138903612061 9 2 3 637.81 398.737
1776131139137147217 9 2 0 667.368 440.306
1776131139137147217 9 2 1 705.085 440.79
1776131139137147217 9 2 2 705.2 400.123
1776131139137147217 9 2 3 667.153 399.82
1776131139170509766 9 2 0 669.417 440.365
1776131139170509766 9 2 1 706.797 440.877
1776131139170509766 9 2 2 707.278 400.089
1776131139170509766 9 2 3 669.312 399.854
1776131139270597656 9 2 0 665.539 440.369
1776131139270597656 9 2 1 703.179 440.579
1776131139270597656 9 2 2 703.829 400.014
1776131139270597656 9 2 3 665.805 399.846
1776131139370686523 9 2 0 656.945 440.149
1776131139370686523 9 2 1 694.813 440.517
1776131139370686523 9 2 2 695.438 399.817
1776131139370686523 9 2 3 657.249 399.516
1776131139504139648 11 0 0 732.43 557.071
1776131139504139648 11 0 1 760.265 554.028
1776131139504139648 11 0 2 756.878 487.377
1776131139504139648 11 0 3 729.86 486.755
1776131139504139648 9 2 0 653.834 440.171
1776131139504139648 9 2 1 691.844 440.69
1776131139504139648 9 2 2 692.185 399.877
1776131139504139648 9 2 3 654.037 399.63
1776131139704321777 11 0 0 737.356 556.903
1776131139704321777 11 0 1 765.119 553.483
1776131139704321777 11 0 2 761.868 487.102
1776131139704321777 11 0 3 734.819 486.27
1776131139704321777 9 2 0 659.004 440.392
1776131139704321777 9 2 1 696.81 440.973
1776131139704321777 9 2 2 697.321 400.263
1776131139704321777 9 2 3 659.268 399.757
1776131139837778076 11 0 0 728.22 557.261
1776131139837778076 11 0 1 756.178 553.953
1776131139837778076 11 0 2 753.03 487.236
1776131139837778076 11 0 3 726.046 486.777
1776131139837778076 9 2 0 649.834 439.941
1776131139837778076 9 2 1 687.857 440.376
1776131139837778076 9 2 2 688.145 399.696
1776131139837778076 9 2 3 650.147 399.447
1776131139971270996 11 0 0 722.988 557.654
1776131139971270996 11 0 1 750.851 554.857
1776131139971270996 11 0 2 747.629 487.95
1776131139971270996 11 0 3 720.443 487.372
1776131139971270996 9 2 0 645.147 439.975
1776131139971270996 9 2 1 683.176 440.325
1776131139971270996 9 2 2 683.635 399.71
1776131139971270996 9 2 3 645.196 399.256
1776131140071394775 9 2 0 645.302 439.801
1776131140071394775 9 2 1 683.227 440.075
1776131140071394775 9 2 2 683.545 399.537
1776131140071394775 9 2 3 645.255 399.136
1776131140204898682 9 2 0 649.916 439.815
1776131140204898682 9 2 1 688 440.279
1776131140204898682 9 2 2 688.391 399.778
1776131140204898682 9 2 3 650.3 399.344
1776131140238275391 9 2 0 650.047 439.737
1776131140238275391 9 2 1 687.95 440.046
1776131140238275391 9 2 2 688.345 399.571
1776131140238275391 9 2 3 650.234 399.163
1776131140338408447 9 2 0 649.117 439.508
1776131140338408447 9 2 1 687.036 439.982
1776131140338408447 9 2 2 687.533 399.427
1776131140338408447 9 2 3 649.415 399.112
1776131140538684570 9 2 0 645.851 439.555
1776131140538684570 9 2 1 684.003 440.244
1776131140538684570 9 2 2 684.33 399.577
1776131140538684570 9 2 3 646.168 399.176
1776131140672209717 9 2 0 644.249 439.75
1776131140672209717 9 2 1 682.035 440.07
1776131140672209717 9 2 2 682.612 399.422
1776131140672209717 9 2 3 644.112 398.942
1776131140772357666 9 2 0 644.154 439.625
1776131140772357666 9 2 1 682.182 439.925
1776131140772357666 9 2 2 682.538 399.553
1776131140772357666 9 2 3 644.38 398.974
1776131140805741211 9 2 0 645.19 439.845
1776131140805741211 9 2 1 683.139 440.382
1776131140805741211 9 2 2 683.435 399.69
1776131140805741211 9 2 3 645.163 399.272
1776131140905843994 9 2 0 653.165 440.034
1776131140905843994 9 2 1 691.062 440.546
1776131140905843994 9 2 2 691.354 399.82
1776131140905843994 9 2 3 653.133 399.619
1776131141039283203 9 2 0 664.068 440.803
1776131141039283203 9 2 1 701.67 441.008
1776131141039283203 9 2 2 702.099 400.449
1776131141039283203 9 2 3 664 400.208
1776131141139362549 9 2 0 661.722 440.339
1776131141139362549 9 2 1 699.731 440.802
1776131141139362549 9 2 2 700.204 400.014
1776131141139362549 9 2 3 662.151 399.844
1776131141272801025 9 2 0 658.646 440.13
1776131141272801025 9 2 1 696.399 440.805
1776131141272801025 9 2 2 696.723 399.934
1776131141272801025 9 2 3 658.696 399.672
1776131141472958496 9 2 0 671.049 440.824
1776131141472958496 9 2 1 708.799 441
1776131141472958496 9 2 2 709.088 400.532
1776131141472958496 9 2 3 671.296 400.155
1776131141506318115 9 2 0 671.324 440.631
1776131141506318115 9 2 1 708.736 441.033
1776131141506318115 9 2 2 709.267 400.691
1776131141506318115 9 2 3 671.155 400.15
1776131141706474854 9 2 0 670.982 440.818
1776131141706474854 9 2 1 708.492 441.183
1776131141706474854 9 2 2 708.913 400.71
1776131141706474854 9 2 3 670.949 400.346
1776131141739834229 9 2 0 670.675 440.72
1776131141739834229 9 2 1 708.223 441.204
1776131141739834229 9 2 2 708.508 400.667
1776131141739834229 9 2 3 670.621 400.401
1776131141873274414 9 2 0 669.136 440.934
1776131141873274414 9 2 1 706.588 441.164
1776131141873274414 9 2 2 707.098 400.898
1776131141873274414 9 2 3 669.043 400.332
1776131142073447021 9 2 0 662.516 442.287
1776131142073447021 9 2 1 700.371 442.981
1776131142073447021 9 2 2 700.702 402.274
1776131142073447021 9 2 3 662.734 401.834
1776131142206895508 9 2 0 665.698 441.396
1776131142206895508 9 2 1 703.249 441.572
1776131142206895508 9 2 2 703.591 401.199
1776131142206895508 9 2 3 665.505 400.925
1776131142240257813 9 2 0 666.885 441.299
1776131142240257813 9 2 1 704.395 441.513
1776131142240257813 9 2 2 704.709 401.186
1776131142240257813 9 2 3 666.771 400.841
1776131142306982178 9 2 0 667.994 441.312
1776131142306982178 9 2 1 705.595 441.783
1776131142306982178 9 2 2 706.255 401.221
1776131142306982178 9 2 3 668.138 401.075
1776131142540517822 9 2 0 663.801 440.948
1776131142540517822 9 2 1 701.715 441.325
1776131142540517822 9 2 2 701.946 400.683
1776131142540517822 9 2 3 664.09 400.529
1776131142573880127 9 2 0 662.139 440.993
1776131142573880127 9 2 1 699.926 441.438
1776131142573880127 9 2 2 700.421 400.806
1776131142573880127 9 2 3 662.224 400.346
1776131142807416504 9 2 0 639.613 439.767
1776131142807416504 9 2 1 677.605 440.347
1776131142807416504 9 2 2 678.121 399.637
1776131142807416504 9 2 3 639.622 399.215
1776131142840779053 9 2 0 638.296 439.614
1776131142840779053 9 2 1 676.293 440.013
1776131142840779053 9 2 2 676.764 399.328
1776131142840779053 9 2 3 638.283 399.023
1776131142907505371 9 2 0 637.609 439.667
1776131142907505371 9 2 1 675.627 439.946
1776131142907505371 9 2 2 676.008 399.46
1776131142907505371 9 2 3 637.45 398.818
1776131143141048828 9 2 0 638.916 439.647
1776131143141048828 9 2 1 677.047 439.877
1776131143141048828 9 2 2 677.441 399.418
1776131143141048828 9 2 3 638.872 398.912
1776131143274502441 9 2 0 638.049 439.559
1776131143274502441 9 2 1 676.215 439.976
1776131143274502441 9 2 2 676.389 399.203
1776131143274502441 9 2 3 638.077 398.986
1776131143307865967 9 2 0 637.974 439.418
1776131143307865967 9 2 1 676.045 440.149
1776131143307865967 9 2 2 676.569 399.321
1776131143307865967 9 2 3 638.01 398.774
1776131143374593018 9 2 0 638.502 439.538
1776131143374593018 9 2 1 676.501 439.87
1776131143374593018 9 2 2 676.843 399.258
1776131143374593018 9 2 3 638.384 398.82
1776131143641501465 9 2 0 638.416 439.464
1776131143641501465 9 2 1 676.597 439.894
1776131143641501465 9 2 2 676.99 399.417
1776131143641501465 9 2 3 638.641 398.859
1776131143741592529 9 2 0 638.992 439.87
1776131143741592529 9 2 1 677.078 439.757
1776131143741592529 9 2 2 677.439 399.254
1776131143741592529 9 2 3 639.138 398.833
1776131143875046631 9 2 0 638.94 439.537
1776131143875046631 9 2 1 677.027 439.879
1776131143875046631 9 2 2 677.481 399.374
1776131143875046631 9 2 3 638.955 398.877
1776131143908409668 9 2 0 638.316 439.588
1776131143908409668 9 2 1 676.404 439.973
1776131143908409668 9 2 2 676.789 399.293
1776131143908409668 9 2 3 638.443 398.89
1776131144008498779 9 2 0 638.756 439.542
1776131144008498779 9 2 1 676.851 439.815
1776131144008498779 9 2 2 677.231 399.184
1776131144008498779 9 2 3 638.802 398.675
1776131144208677246 9 2 0 638.205 439.104
1776131144208677246 9 2 1 676.244 439.559
1776131144208677246 9 2 2 676.512 398.789
1776131144208677246 9 2 3 638.241 398.336
1776131144342129883 9 2 0 638.44 439.174
1776131144342129883 9 2 1 676.486 439.531
1776131144342129883 9 2 2 676.754 398.919
1776131144342129883 9 2 3 638.339 398.471
1776131144475582520 9 2 0 638.587 439.32
1776131144475582520 9 2 1 676.604 439.578
1776131144475582520 9 2 2 677.059 399.009
1776131144475582520 9 2 3 638.702 398.636
1776131144542309082 9 2 0 638.753 439.462
1776131144542309082 9 2 1 676.921 439.65
1776131144542309082 9 2 2 677.327 399.079
1776131144542309082 9 2 3 638.758 398.668
1776131144675761963 9 2 0 638.995 439.485
1776131144675761963 9 2 1 677.036 439.768
1776131144675761963 9 2 2 677.524 399.157
1776131144675761963 9 2 3 639.05 398.731
1776131144809215332 9 2 0 639.039 439.445
1776131144809215332 9 2 1 677.308 439.911
1776131144809215332 9 2 2 677.555 399.118
1776131144809215332 9 2 3 639.112 398.919
1776131144842578613 9 2 0 639.067 439.421
1776131144842578613 9 2 1 677.135 439.839
1776131144842578613 9 2 2 677.735 399.31
1776131144842578613 9 2 3 639.2 398.686
1776131144909298096 9 2 0 639.217 439.429
1776131144909298096 9 2 1 677.258 439.91
1776131144909298096 9 2 2 677.516 399.349
1776131144909298096 9 2 3 639.03 398.631
1776131145009376953 9 2 0 639.126 439.553
1776131145009376953 9 2 1 677.171 439.661
1776131145009376953 9 2 2 677.461 399.14
1776131145009376953 9 2 3 638.879 398.605
1776131145142815430 9 2 0 650.168 439.901
1776131145142815430 9 2 1 688.154 440.221
1776131145142815430 9 2 2 688.471 399.664
1776131145142815430 9 2 3 650.29 399.401
1776131145242894287 9 2 0 651.851 439.749
1776131145242894287 9 2 1 689.886 439.99
1776131145242894287 9 2 2 690.204 399.482
1776131145242894287 9 2 3 651.998 399.207
1776131145376332520 9 2 0 649.219 439.698
1776131145376332520 9 2 1 687.262 439.901
1776131145376332520 9 2 2 687.815 399.34
1776131145376332520 9 2 3 649.687 398.933
1776131145609848633 9 2 0 648.67 439.616
1776131145609848633 9 2 1 686.683 439.862
1776131145609848633 9 2 2 687.016 399.372
1776131145609848633 9 2 3 648.892 399.054
1776131145709927002 9 2 0 649.832 439.809
1776131145709927002 9 2 1 687.757 440.184
1776131145709927002 9 2 2 688.116 399.569
1776131145709927002 9 2 3 649.844 399.381
1776131145843364502 9 2 0 647.647 439.609
1776131145843364502 9 2 1 685.584 440.093
1776131145843364502 9 2 2 686.207 399.379
1776131145843364502 9 2 3 647.777 399.052
1776131145943447998 9 2 0 646.811 439.269
1776131145943447998 9 2 1 684.701 439.657
1776131145943447998 9 2 2 685.251 399.146
1776131145943447998 9 2 3 646.888 398.567
1776131145976809326 9 2 0 646.327 439.333
1776131145976809326 9 2 1 684.281 439.524
1776131145976809326 9 2 2 684.555 399.122
1776131145976809326 9 2 3 646.265 398.507
1776131146043531738 9 2 0 646.771 439.65
1776131146043531738 9 2 1 684.784 440.018
1776131146043531738 9 2 2 685.131 399.47
1776131146043531738 9 2 3 646.842 399.098
1776131146176976563 9 2 0 646.951 439.631
1776131146176976563 9 2 1 684.832 440.122
1776131146176976563 9 2 2 685.364 399.391
1776131146176976563 9 2 3 646.98 399.153
1776131146377143555 9 2 0 646.889 439.775
1776131146377143555 9 2 1 684.94 439.929
1776131146377143555 9 2 2 685.341 399.588
1776131146377143555 9 2 3 646.936 399.009
1776131146477227051 9 2 0 647.007 439.737
1776131146477227051 9 2 1 685.065 439.947
1776131146477227051 9 2 2 685.233 399.576
1776131146477227051 9 2 3 646.98 399.054
1776131146577310547 9 2 0 646.989 439.845
1776131146577310547 9 2 1 684.908 439.883
1776131146577310547 9 2 2 685.362 399.434
1776131146577310547 9 2 3 646.894 399.105
1776131146610671631 9 2 0 646.886 439.563
1776131146610671631 9 2 1 685.019 440.038
1776131146610671631 9 2 2 685.289 399.44
1776131146610671631 9 2 3 646.95 399.108
1776131146810838379 9 2 0 647.002 439.651
1776131146810838379 9 2 1 684.8 440.1
1776131146810838379 9 2 2 685.33 399.652
1776131146810838379 9 2 3 646.997 398.925
1776131146844199707 9 2 0 646.821 439.696
1776131146844199707 9 2 1 684.988 440.017
1776131146844199707 9 2 2 685.265 399.5
1776131146844199707 9 2 3 647.117 399.102
1776131147044357910 9 2 0 646.876 439.618
1776131147044357910 9 2 1 684.883 440.093
1776131147044357910 9 2 2 685.247 399.551
1776131147044357910 9 2 3 646.952 398.996
1776131147177796631 9 2 0 646.961 439.792
1776131147177796631 9 2 1 684.891 440.047
1776131147177796631 9 2 2 685.301 399.411
1776131147177796631 9 2 3 646.97 399.184
1776131147244515869 9 2 0 646.889 439.698
1776131147244515869 9 2 1 684.818 440.034
1776131147244515869 9 2 2 685.346 399.59
1776131147244515869 9 2 3 646.921 398.98
1776131147377954102 9 2 0 646.991 439.936
1776131147377954102 9 2 1 684.95 439.821
1776131147377954102 9 2 2 685.166 399.613
1776131147377954102 9 2 3 647.011 398.984
1776131147411313721 9 2 0 647.007 439.606
1776131147411313721 9 2 1 684.829 440.052
1776131147411313721 9 2 2 685.45 399.473
1776131147411313721 9 2 3 646.991 399.131
1776131147578111084 9 2 0 646.881 439.78
1776131147578111084 9 2 1 684.909 439.894
1776131147578111084 9 2 2 685.375 399.523
1776131147578111084 9 2 3 647.038 399.043
1776131147711549072 9 2 0 647.072 439.742
1776131147711549072 9 2 1 684.995 439.963
1776131147711549072 9 2 2 685.38 399.554
1776131147711549072 9 2 3 647.078 398.999
1776131147811627197 9 2 0 646.851 439.745
1776131147811627197 9 2 1 684.897 440.025
1776131147811627197 9 2 2 685.393 399.612
1776131147811627197 9 2 3 647.056 398.989
1776131147945070313 9 2 0 646.884 439.722
1776131147945070313 9 2 1 684.882 440.094
1776131147945070313 9 2 2 685.29 399.486
1776131147945070313 9 2 3 647.018 399.174
1776131148045154297 9 2 0 646.747 439.718
1776131148045154297 9 2 1 684.751 439.873
1776131148045154297 9 2 2 685.339 399.541
1776131148045154297 9 2 3 646.914 399.051
1776131148111877197 9 2 0 646.792 439.72
1776131148111877197 9 2 1 684.769 439.991
1776131148111877197 9 2 2 685.21 399.496
1776131148111877197 9 2 3 646.776 399.139
1776131148245322510 9 2 0 646.991 439.493
1776131148245322510 9 2 1 685.05 440.146
1776131148245322510 9 2 2 685.116 399.476
1776131148245322510 9 2 3 646.935 398.828
1776131148345406738 9 2 0 647.278 439.958
1776131148345406738 9 2 1 685.381 440.051
1776131148345406738 9 2 2 685.864 399.621
1776131148345406738 9 2 3 647.444 399.2
1776131148445490723 9 2 0 647.612 439.915
1776131148445490723 9 2 1 685.512 440.332
1776131148445490723 9 2 2 685.894 399.702
1776131148445490723 9 2 3 647.639 399.334
1776131148478852051 9 2 0 647.224 439.746
1776131148478852051 9 2 1 685.222 440.227
1776131148478852051 9 2 2 685.435 399.691
1776131148478852051 9 2 3 647.316 399.125
1776131148578936279 9 2 0 647.563 439.748
1776131148578936279 9 2 1 685.435 440.256
1776131148578936279 9 2 2 685.991 399.545
1776131148578936279 9 2 3 647.5 399.296
1776131148679020508 9 2 0 647.707 439.785
1776131148679020508 9 2 1 685.835 440.324
1776131148679020508 9 2 2 685.984 399.566
1776131148679020508 9 2 3 647.843 399.507
1776131148812466064 9 2 0 649.133 439.891
1776131148812466064 9 2 1 687.261 440.518
1776131148812466064 9 2 2 687.454 399.761
1776131148812466064 9 2 3 649.227 399.437
1776131148912550537 9 2 0 654.051 440.045
1776131148912550537 9 2 1 691.945 440.681
1776131148912550537 9 2 2 692.208 399.843
1776131148912550537 9 2 3 654.154 399.643
1776131149045997803 9 2 0 659.783 440.474
1776131149045997803 9 2 1 697.428 441.058
1776131149045997803 9 2 2 697.668 400.329
1776131149045997803 9 2 3 659.547 399.881
1776131149246168945 9 2 0 659.556 440.24
1776131149246168945 9 2 1 697.377 440.809
1776131149246168945 9 2 2 698.063 400.056
1776131149246168945 9 2 3 659.925 399.847
1776131149346254639 9 2 0 657.577 440.477
1776131149346254639 9 2 1 695.408 441.061
1776131149346254639 9 2 2 695.792 400.335
1776131149346254639 9 2 3 657.613 399.946
1776131149479702393 9 2 0 662.014 440.593
1776131149479702393 9 2 1 699.714 441.008
1776131149479702393 9 2 2 700.268 400.356
1776131149479702393 9 2 3 662.051 399.906
1776131149513064453 9 2 0 660.959 440.572
1776131149513064453 9 2 1 698.548 440.851
1776131149513064453 9 2 2 699.064 400.271
1776131149513064453 9 2 3 660.936 399.901
1776131149579788330 9 2 0 659.608 440.474
1776131149579788330 9 2 1 697.407 440.916
1776131149579788330 9 2 2 697.787 400.235
1776131149579788330 9 2 3 659.732 399.969
1776131149713236328 9 2 0 659.528 440.517
1776131149713236328 9 2 1 697.219 441.084
1776131149713236328 9 2 2 697.562 400.401
1776131149713236328 9 2 3 659.361 399.842
1776131149913408447 9 2 0 660.729 440.591
1776131149913408447 9 2 1 698.611 440.949
1776131149913408447 9 2 2 699.11 400.443
1776131149913408447 9 2 3 661.01 400.043
1776131150046856934 9 2 0 662.91 440.82
1776131150046856934 9 2 1 700.452 440.981
1776131150046856934 9 2 2 701.046 400.448
1776131150046856934 9 2 3 662.889 400.199
1776131150146943115 9 2 0 660.818 440.511
1776131150146943115 9 2 1 698.603 440.829
1776131150146943115 9 2 2 699.04 400.313
1776131150146943115 9 2 3 660.87 399.772
1776131150180305420 9 2 0 659.657 440.497
1776131150180305420 9 2 1 697.37 440.918
1776131150180305420 9 2 2 698.21 400.243
1776131150180305420 9 2 3 659.924 399.933
1776131150280391846 9 2 0 655.904 440.441
1776131150280391846 9 2 1 693.798 441.044
1776131150280391846 9 2 2 694.296 399.979
1776131150280391846 9 2 3 656.073 399.958
1776131150413840576 9 2 0 654.778 440.413
1776131150413840576 9 2 1 692.677 440.764
1776131150413840576 9 2 2 693.037 399.834
1776131150413840576 9 2 3 654.907 399.923
1776131150614014160 9 2 0 653.028 440.153
1776131150614014160 9 2 1 690.889 440.578
1776131150614014160 9 2 2 691.273 399.964
1776131150614014160 9 2 3 653.074 399.582
1776131150747463379 9 2 0 650.924 440.017
1776131150747463379 9 2 1 688.618 440.391
1776131150747463379 9 2 2 689.335 399.805
1776131150747463379 9 2 3 651.157 399.405
1776131150847550537 9 2 0 644.206 439.834
1776131150847550537 9 2 1 682.092 440.284
1776131150847550537 9 2 2 682.714 399.632
1776131150847550537 9 2 3 644.452 399.276
1776131150947633057 9 2 0 641.208 439.829
1776131150947633057 9 2 1 679.267 440.126
1776131150947633057 9 2 2 679.697 399.566
1776131150947633057 9 2 3 641.323 399.142
1776131150980992920 9 2 0 642.333 439.944
1776131150980992920 9 2 1 680.225 440.316
1776131150980992920 9 2 2 680.482 399.671
1776131150980992920 9 2 3 642.135 399.146
1776131151181152832 9 2 0 652.972 440.223
1776131151181152832 9 2 1 690.927 440.546
1776131151181152832 9 2 2 691.341 399.868
1776131151181152832 9 2 3 653.174 399.622
1776131151347952148 9 2 0 645.277 439.883
1776131151347952148 9 2 1 683.328 440.291
1776131151347952148 9 2 2 683.626 399.642
1776131151347952148 9 2 3 645.355 399.337
1776131151448031738 9 2 0 642.783 439.568
1776131151448031738 9 2 1 680.794 440.044
1776131151448031738 9 2 2 681.021 399.464
1776131151448031738 9 2 3 642.673 398.995
1776131151548111328 9 2 0 642.474 439.644
1776131151548111328 9 2 1 680.246 440.261
1776131151548111328 9 2 2 680.648 399.588
1776131151548111328 9 2 3 642.543 398.949
1776131151681550537 9 2 0 641.661 439.622
1776131151681550537 9 2 1 679.79 440.209
1776131151681550537 9 2 2 680.191 399.427
1776131151681550537 9 2 3 641.908 399.205
1776131151781629883 9 2 0 640.991 439.841
1776131151781629883 9 2 1 679.053 440.145
1776131151781629883 9 2 2 679.42 399.627
1776131151781629883 9 2 3 640.962 399.056
1776131151915068604 9 2 0 642.653 439.645
1776131151915068604 9 2 1 680.631 440.32
1776131151915068604 9 2 2 681.031 399.74
1776131151915068604 9 2 3 642.757 399.13
1776131152015147705 9 2 0 644.659 440.001
1776131152015147705 9 2 1 682.379 440.334
1776131152015147705 9 2 2 682.867 399.751
1776131152015147705 9 2 3 644.477 399.337
1776131152048507324 9 2 0 643.351 439.832
1776131152048507324 9 2 1 681.443 440.38
1776131152048507324 9 2 2 681.738 399.576
1776131152048507324 9 2 3 643.537 399.261
1776131152248665039 9 2 0 645.473 440.055
1776131152248665039 9 2 1 683.486 440.434
1776131152248665039 9 2 2 683.931 399.806
1776131152248665039 9 2 3 645.438 399.4
1776131152382103516 9 2 0 646.208 439.963
1776131152382103516 9 2 1 684.189 440.631
1776131152382103516 9 2 2 684.313 399.679
1776131152382103516 9 2 3 646.008 399.531
1776131152482182129 9 2 0 649.629 440.328
1776131152482182129 9 2 1 687.586 440.455
1776131152482182129 9 2 2 687.868 399.794
1776131152482182129 9 2 3 649.734 399.572
1776131152615620361 9 2 0 653.042 440.247
1776131152615620361 9 2 1 690.948 440.586
1776131152615620361 9 2 2 691.316 399.894
1776131152615620361 9 2 3 653.179 399.616
1776131152715698975 9 2 0 662.79 440.7
1776131152715698975 9 2 1 700.478 440.878
1776131152715698975 9 2 2 700.741 400.524
1776131152715698975 9 2 3 662.765 400.045
1776131152815777344 9 2 0 662.525 440.57
1776131152815777344 9 2 1 700.104 441.026
1776131152815777344 9 2 2 700.532 400.36
1776131152815777344 9 2 3 662.507 399.793
1776131152849136719 9 2 0 662.636 440.77
1776131152849136719 9 2 1 700.207 441.012
1776131152849136719 9 2 2 700.657 400.336
1776131152849136719 9 2 3 662.545 400.03
1776131152915854736 9 2 0 668.817 440.801
1776131152915854736 9 2 1 706.361 441.012
1776131152915854736 9 2 2 706.793 400.549
1776131152915854736 9 2 3 668.763 400.053
1776131153182722168 9 2 0 664.392 440.46
1776131153182722168 9 2 1 701.924 440.989
1776131153182722168 9 2 2 702.452 400.351
1776131153182722168 9 2 3 664.416 399.887
1776131153316155518 9 2 0 652.952 440.055
1776131153316155518 9 2 1 690.878 440.537
1776131153316155518 9 2 2 691.326 399.921
1776131153316155518 9 2 3 653.016 399.547
1776131153349513916 9 2 0 650.813 440.05
1776131153349513916 9 2 1 688.758 440.43
1776131153349513916 9 2 2 689.234 399.754
1776131153349513916 9 2 3 651.006 399.514
1776131153416230469 9 2 0 646.509 439.834
1776131153416230469 9 2 1 684.431 440.324
1776131153416230469 9 2 2 684.567 399.578
1776131153416230469 9 2 3 646.511 399.356
1776131153516305176 9 2 0 637.549 439.6
1776131153516305176 9 2 1 675.89 440.048
1776131153516305176 9 2 2 676.258 399.426
1776131153516305176 9 2 3 638.11 398.861
1776131153649737793 9 2 0 631.434 439.378
1776131153649737793 9 2 1 669.39 439.725
1776131153649737793 9 2 2 670.145 399.094
1776131153649737793 9 2 3 631.345 398.644
1776131153849886475 9 2 0 625.329 439.326
1776131153849886475 9 2 1 663.493 439.647
1776131153849886475 9 2 2 664.118 398.849
1776131153849886475 9 2 3 625.411 398.462
1776131153983317139 9 2 0 626.069 439.225
1776131153983317139 9 2 1 664.364 439.572
1776131153983317139 9 2 2 664.584 398.824
1776131153983317139 9 2 3 626.114 398.345
1776131154016674561 9 2 0 625.389 439.19
1776131154016674561 9 2 1 663.683 439.624
1776131154016674561 9 2 2 664.114 398.777
1776131154016674561 9 2 3 625.4 398.412
1776131154083389404 9 2 0 623.043 439.108
1776131154083389404 9 2 1 661.373 439.478
1776131154083389404 9 2 2 661.792 398.624
1776131154083389404 9 2 3 622.996 398.248
1776131154216818848 9 2 0 618.534 439.086
1776131154216818848 9 2 1 656.643 439.279
1776131154216818848 9 2 2 657.408 398.499
1776131154216818848 9 2 3 618.623 397.919
1776131154350248047 9 2 0 616.57 438.94
1776131154350248047 9 2 1 654.908 439.349
1776131154350248047 9 2 2 655.333 398.431
1776131154350248047 9 2 3 616.56 398.031
1776131154550390625 9 2 0 602.475 438.067
1776131154550390625 9 2 1 641.09 438.77
1776131154550390625 9 2 2 641.513 397.702
1776131154550390625 9 2 3 602.575 397.239
1776131154683818848 9 2 0 581.716 437.659
1776131154683818848 9 2 1 620.63 438.134
1776131154683818848 9 2 2 621.16 397.191
1776131154683818848 9 2 3 581.852 396.384
1776131154817246338 9 2 0 573.461 437.534
1776131154817246338 9 2 1 612.763 437.891
1776131154817246338 9 2 2 612.816 396.759
1776131154817246338 9 2 3 573.361 396.132
1776131154950678223 9 2 0 573.817 437.434
1776131154950678223 9 2 1 613.098 437.98
1776131154950678223 9 2 2 613.307 396.654
1776131154950678223 9 2 3 573.785 396.219
1776131155050755127 9 2 0 574.352 437.516
1776131155050755127 9 2 1 613.438 437.884
1776131155050755127 9 2 2 613.667 396.748
1776131155050755127 9 2 3 574.291 396.201
1776131155184190674 9 2 0 589.5 438.179
1776131155184190674 9 2 1 628.337 438.814
1776131155184190674 9 2 2 628.487 397.706
1776131155184190674 9 2 3 589.243 397.137
1776131155317626221 9 2 0 608.812 438.845
1776131155317626221 9 2 1 647.276 439.147
1776131155317626221 9 2 2 647.585 398.157
1776131155317626221 9 2 3 608.655 397.595
1776131155417702881 9 2 0 614.324 439.155
1776131155417702881 9 2 1 652.86 439.313
1776131155417702881 9 2 2 653.209 398.486
1776131155417702881 9 2 3 614.486 398.044
1776131155517779297 9 2 0 610.662 438.857
1776131155517779297 9 2 1 649.328 439.526
1776131155517779297 9 2 2 649.683 398.444
1776131155517779297 9 2 3 610.813 397.942
1776131155651214111 9 2 0 613.413 439.013
1776131155651214111 9 2 1 652.016 439.497
1776131155651214111 9 2 2 652.278 398.553
1776131155651214111 9 2 3 613.72 397.907
1776131155784649170 9 2 0 605.732 438.605
1776131155784649170 9 2 1 644.279 439.107
1776131155784649170 9 2 2 644.584 397.953
1776131155784649170 9 2 3 605.481 397.652
1776131155918083984 9 2 0 600.399 438.397
1776131155918083984 9 2 1 639.222 439.051
1776131155918083984 9 2 2 639.485 397.961
1776131155918083984 9 2 3 600.344 397.418
1776131156018160400 9 2 0 602.808 438.581
1776131156018160400 9 2 1 641.274 439.08
1776131156018160400 9 2 2 641.703 398.086
1776131156018160400 9 2 3 602.673 397.544
1776131156051519043 9 2 0 602.221 438.268
1776131156051519043 9 2 1 640.725 439.004
1776131156051519043 9 2 2 641.133 397.9
1776131156051519043 9 2 3 601.943 397.293
1776131156151595215 9 2 0 607.627 438.914
1776131156151595215 9 2 1 646.185 439.327
1776131156151595215 9 2 2 646.534 398.159
1776131156151595215 9 2 3 607.566 397.81
1776131156351747314 9 2 0 607.394 438.99
1776131156351747314 9 2 1 646.198 439.36
1776131156351747314 9 2 2 646.449 398.243
1776131156351747314 9 2 3 607.663 398.029
1776131156485181641 9 2 0 609.659 438.892
1776131156485181641 9 2 1 648.221 439.452
1776131156485181641 9 2 2 648.531 398.43
1776131156485181641 9 2 3 609.848 397.835
1776131156518540039 9 2 0 609.135 438.75
1776131156518540039 9 2 1 647.767 439.292
1776131156518540039 9 2 2 648.304 398.113
1776131156518540039 9 2 3 609.122 397.958
1776131156585257080 9 2 0 605.949 438.721
1776131156585257080 9 2 1 644.58 438.984
1776131156585257080 9 2 2 644.709 398.133
1776131156585257080 9 2 3 605.977 397.562
1776131156818766113 9 2 0 613.066 438.577
1776131156818766113 9 2 1 651.582 439.245
1776131156818766113 9 2 2 651.742 398.118
1776131156818766113 9 2 3 612.958 397.686
1776131156918842041 9 2 0 613.65 438.922
1776131156918842041 9 2 1 652.138 439.104
1776131156918842041 9 2 2 652.427 398.258
1776131156918842041 9 2 3 613.616 397.685
1776131157152355469 9 2 0 618.343 438.894
1776131157152355469 9 2 1 656.861 439.254
1776131157152355469 9 2 2 657.046 398.467
1776131157152355469 9 2 3 618.337 397.914
1776131157252432617 9 2 0 628.192 439.269
1776131157252432617 9 2 1 666.42 439.533
1776131157252432617 9 2 2 666.824 398.954
1776131157252432617 9 2 3 628.191 398.248
1776131157419227295 9 2 0 627.681 439.385
1776131157419227295 9 2 1 665.902 439.6
1776131157419227295 9 2 2 666.553 398.878
1776131157419227295 9 2 3 627.907 398.525
1776131157519303955 9 2 0 620.507 439.31
1776131157519303955 9 2 1 658.616 439.508
1776131157519303955 9 2 2 659.014 398.953
1776131157519303955 9 2 3 620.423 398.236
1776131157652739502 9 2 0 614.844 438.736
1776131157652739502 9 2 1 653.451 439.171
1776131157652739502 9 2 2 653.633 398.196
1776131157652739502 9 2 3 614.765 397.84
1776131157686098145 9 2 0 614.817 438.748
1776131157686098145 9 2 1 653.082 439.174
1776131157686098145 9 2 2 653.542 398.242
1776131157686098145 9 2 3 614.663 397.812
1776131157786174561 9 2 0 615.819 439.052
1776131157786174561 9 2 1 654.277 439.438
1776131157786174561 9 2 2 654.609 398.529
1776131157786174561 9 2 3 615.803 398.024
1776131157986327148 9 2 0 631.789 439.73
1776131157986327148 9 2 1 669.979 440.132
1776131157986327148 9 2 2 670.209 399.52
1776131157986327148 9 2 3 631.73 398.983
1776131158019686035 9 2 0 634.528 439.739
1776131158019686035 9 2 1 672.57 439.983
1776131158019686035 9 2 2 672.91 399.458
1776131158019686035 9 2 3 634.487 399.004
1776131158119762207 9 2 0 634.246 439.683
1776131158119762207 9 2 1 672.542 440.083
1776131158119762207 9 2 2 672.8 399.451
1776131158119762207 9 2 3 634.557 398.94
1776131158219838379 9 2 0 628.364 439.303
1776131158219838379 9 2 1 666.535 439.744
1776131158219838379 9 2 2 667.053 398.961
1776131158219838379 9 2 3 628.361 398.612
1776131158353273193 9 2 0 626.785 439.356
1776131158353273193 9 2 1 665.208 439.765
1776131158353273193 9 2 2 665.453 399.018
1776131158353273193 9 2 3 626.802 398.596
1776131158486707764 9 2 0 626.152 438.987
1776131158486707764 9 2 1 664.26 439.649
1776131158486707764 9 2 2 664.7 398.663
1776131158486707764 9 2 3 626.073 398.389
1776131158686859131 9 2 0 617.742 438.9
1776131158686859131 9 2 1 656.21 439.426
1776131158686859131 9 2 2 656.446 398.334
1776131158686859131 9 2 3 617.704 398.059
1776131158820293213 9 2 0 616.49 438.512
1776131158820293213 9 2 1 654.943 439.144
1776131158820293213 9 2 2 655.436 398.089
1776131158820293213 9 2 3 616.528 397.709
1776131158853651611 9 2 0 615.663 438.929
1776131158853651611 9 2 1 654.234 439.231
1776131158853651611 9 2 2 654.35 398.349
1776131158853651611 9 2 3 615.46 397.82
1776131158920371338 9 2 0 611.91 438.557
1776131158920371338 9 2 1 650.276 439.263
1776131158920371338 9 2 2 650.666 398.006
1776131158920371338 9 2 3 611.988 397.611
1776131159053815918 9 2 0 603.952 438.333
1776131159053815918 9 2 1 642.784 438.998
1776131159053815918 9 2 2 643.052 397.828
1776131159053815918 9 2 3 604.268 397.393
1776131159287344482 9 2 0 606.068 438.255
1776131159287344482 9 2 1 644.531 438.85
1776131159287344482 9 2 2 644.987 397.743
1776131159287344482 9 2 3 605.967 397.399
1776131159387428223 9 2 0 606.94 438.679
1776131159387428223 9 2 1 645.592 439.203
1776131159387428223 9 2 2 645.94 398.106
1776131159387428223 9 2 3 606.886 397.675
1776131159520873291 9 2 0 605.039 438.523
1776131159520873291 9 2 1 643.809 439.15
1776131159520873291 9 2 2 644.089 398.017
1776131159520873291 9 2 3 605.141 397.619
1776131159620957275 9 2 0 602.705 438.48
1776131159620957275 9 2 1 641.318 439.077
1776131159620957275 9 2 2 641.693 397.941
1776131159620957275 9 2 3 602.701 397.423
1776131159654318604 9 2 0 601.004 438.413
1776131159654318604 9 2 1 639.838 439.074
1776131159654318604 9 2 2 640.159 397.834
1776131159654318604 9 2 3 600.997 397.594
1776131159754402832 9 2 0 599.668 438.606
1776131159754402832 9 2 1 638.306 438.977
1776131159754402832 9 2 2 638.445 397.921
1776131159754402832 9 2 3 599.479 397.493
1776131159954569824 9 2 0 593.799 438.012
1776131159954569824 9 2 1 632.613 438.679
1776131159954569824 9 2 2 632.972 397.631
1776131159954569824 9 2 3 593.926 396.907
1776131160054652100 9 2 0 594.63 438.068
1776131160054652100 9 2 1 633.658 438.76
1776131160054652100 9 2 2 633.764 397.46
1776131160054652100 9 2 3 594.616 397.324
1776131160188095459 9 2 0 590.618 438.311
1776131160188095459 9 2 1 629.308 438.763
1776131160188095459 9 2 2 629.843 397.653
1776131160188095459 9 2 3 590.391 397.116
1776131160288177979 9 2 0 591.923 438.049
1776131160288177979 9 2 1 630.795 438.645
1776131160288177979 9 2 2 630.999 397.436
1776131160288177979 9 2 3 591.958 397.179
1776131160321538818 9 2 0 591.616 438.134
1776131160321538818 9 2 1 630.526 438.584
1776131160321538818 9 2 2 630.737 397.613
1776131160321538818 9 2 3 591.675 397.074
1776131160421621582 9 2 0 586.574 437.86
1776131160421621582 9 2 1 625.423 438.328
1776131160421621582 9 2 2 625.851 397.314
1776131160421621582 9 2 3 586.48 396.604
1776131160621787109 9 2 0 581.558 437.922
1776131160621787109 9 2 1 620.508 438.444
1776131160621787109 9 2 2 620.72 397.366
1776131160621787109 9 2 3 581.255 396.784
1776131160755230957 9 2 0 586.065 438.132
1776131160755230957 9 2 1 624.985 438.641
1776131160755230957 9 2 2 625.277 397.545
1776131160755230957 9 2 3 585.963 397.124
1776131160888675049 9 2 0 574.543 437.411
1776131160888675049 9 2 1 613.601 437.874
1776131160888675049 9 2 2 614.381 396.687
1776131160888675049 9 2 3 574.686 396.089
1776131160988765869 9 2 0 556.268 436.776
1776131160988765869 9 2 1 595.671 437.3
1776131160988765869 9 2 2 596.328 395.834
1776131160988765869 9 2 3 556.419 395.305
1776131161122220215 9 2 0 546.183 436.444
1776131161122220215 9 2 1 585.905 437.073
1776131161122220215 9 2 2 586.118 395.517
1776131161122220215 9 2 3 546.137 395.001
1776131161155583984 9 2 0 546.402 436.447
1776131161155583984 9 2 1 585.852 437.278
1776131161155583984 9 2 2 586.243 395.587
1776131161155583984 9 2 3 545.978 395.01
1776131161355766602 9 2 0 546.456 436.412
1776131161355766602 9 2 1 586.071 437.135
1776131161355766602 9 2 2 586.224 395.677
1776131161355766602 9 2 3 546.312 395.06
1776131161389130371 9 2 0 546.318 436.508
1776131161389130371 9 2 1 585.869 436.999
1776131161389130371 9 2 2 586.189 395.566
1776131161389130371 9 2 3 546.088 394.778
1776131161455857910 9 2 0 547.181 436.75
1776131161455857910 9 2 1 586.649 437.274
1776131161455857910 9 2 2 586.949 395.75
1776131161455857910 9 2 3 546.844 395.219
1776131161689405518 9 2 0 550.902 436.646
1776131161689405518 9 2 1 590.376 437.235
1776131161689405518 9 2 2 590.586 395.731
1776131161689405518 9 2 3 550.718 395.315
1776131161822861572 9 2 0 555.209 436.961
1776131161822861572 9 2 1 594.675 437.328
1776131161822861572 9 2 2 594.772 395.911
1776131161822861572 9 2 3 554.957 395.231
1776131161956309570 9 2 0 552.051 436.712
1776131161956309570 9 2 1 591.499 437.205
1776131161956309570 9 2 2 591.704 395.826
1776131161956309570 9 2 3 551.784 395.253
1776131162056389160 9 2 0 539.971 436.23
1776131162056389160 9 2 1 579.795 437.092
1776131162056389160 9 2 2 580.211 395.515
1776131162056389160 9 2 3 540.04 394.808
1776131162189828857 9 2 0 540.966 436.614
1776131162189828857 9 2 1 580.762 437.228
1776131162189828857 9 2 2 580.686 395.715
1776131162189828857 9 2 3 540.682 394.957
1776131162223188965 9 2 0 543.784 436.523
1776131162223188965 9 2 1 583.53 437.125
1776131162223188965 9 2 2 583.903 395.59
1776131162223188965 9 2 3 543.896 395.045
1776131162289908691 9 2 0 547.965 436.684
1776131162289908691 9 2 1 587.684 437.223
1776131162289908691 9 2 2 587.65 395.781
1776131162289908691 9 2 3 547.744 395.156
1776131162523427979 9 2 0 538.788 436.296
1776131162523427979 9 2 1 578.532 437.054
1776131162523427979 9 2 2 578.746 395.621
1776131162523427979 9 2 3 538.537 394.696
1776131162556788086 9 2 0 540.479 436.457
1776131162556788086 9 2 1 580.168 437.016
1776131162556788086 9 2 2 580.362 395.541
1776131162556788086 9 2 3 540.225 394.883
1776131162690227783 9 2 0 551.778 436.925
1776131162690227783 9 2 1 591.35 437.52
1776131162690227783 9 2 2 591.391 396.086
1776131162690227783 9 2 3 551.356 395.348
1776131162890387207 9 2 0 556.557 437.22
1776131162890387207 9 2 1 595.936 437.694
1776131162890387207 9 2 2 596.402 396.238
1776131162890387207 9 2 3 556.486 395.656
1776131163023820313 9 2 0 548.806 436.488
1776131163023820313 9 2 1 588.308 436.986
1776131163023820313 9 2 2 588.68 395.551
1776131163023820313 9 2 3 548.626 394.851
1776131163123895020 9 2 0 546.763 436.124
1776131163123895020 9 2 1 586.402 437.145
1776131163123895020 9 2 2 586.713 395.447
1776131163123895020 9 2 3 546.664 394.841
1776131163157253174 9 2 0 546.165 436.307
1776131163157253174 9 2 1 585.858 437.164
1776131163157253174 9 2 2 585.819 395.448
1776131163157253174 9 2 3 546.017 394.952
1776131163257327637 9 2 0 544.85 436.079
1776131163257327637 9 2 1 584.365 436.839
1776131163257327637 9 2 2 584.631 395.336
1776131163257327637 9 2 3 544.5 394.755
1776131163457476318 9 2 0 547.29 436.44
1776131163457476318 9 2 1 587.024 437.067
1776131163457476318 9 2 2 587.061 395.614
1776131163457476318 9 2 3 547.192 394.761
1776131163590908447 9 2 0 549.521 436.501
1776131163590908447 9 2 1 588.992 437.15
1776131163590908447 9 2 2 589.529 395.625
1776131163590908447 9 2 3 549.425 395.024
1776131163624266357 9 2 0 551.331 436.854
1776131163624266357 9 2 1 590.976 437.263
1776131163624266357 9 2 2 591.017 395.834
1776131163624266357 9 2 3 551.185 395.438
1776131163724340332 9 2 0 557.541 436.947
1776131163724340332 9 2 1 596.872 437.485
1776131163724340332 9 2 2 597.151 395.956
1776131163724340332 9 2 3 557.325 395.539
1776131163924491455 9 2 0 569.569 437.245
1776131163924491455 9 2 1 608.69 437.963
1776131163924491455 9 2 2 608.927 396.643
1776131163924491455 9 2 3 569.164 396.009
1776131164024575684 9 2 0 567.422 437.193
1776131164024575684 9 2 1 606.582 437.633
1776131164024575684 9 2 2 606.939 396.416
1776131164024575684 9 2 3 567.309 395.698
1776131164158021729 9 2 0 564.324 437.041
1776131164158021729 9 2 1 603.557 437.601
1776131164158021729 9 2 2 604.013 396.181
1776131164158021729 9 2 3 564.154 395.715
1776131164191383301 9 2 0 564.556 437.256
1776131164191383301 9 2 1 603.937 437.536
1776131164191383301 9 2 2 604.134 396.234
1776131164191383301 9 2 3 564.508 395.741
1776131164291468018 9 2 0 564.816 437.086
1776131164291468018 9 2 1 604.303 437.684
1776131164291468018 9 2 2 604.341 396.307
1776131164291468018 9 2 3 564.888 395.759
1776131165959420898 9 2 0 564.784 437.017
1776131165959420898 9 2 1 604.083 437.57
1776131165959420898 9 2 2 604.333 396.216
1776131165959420898 9 2 3 564.469 395.534
1776131166059495605 9 2 0 564.643 437.108
1776131166059495605 9 2 1 604.049 437.557
1776131166059495605 9 2 2 604.299 396.159
1776131166059495605 9 2 3 564.633 395.702
1776131166293003418 9 2 0 564.896 437.164
1776131166293003418 9 2 1 604 437.529
1776131166293003418 9 2 2 604.379 396.165
1776131166293003418 9 2 3 564.521 395.746
1776131166426436279 9 2 0 564.813 436.916
1776131166426436279 9 2 1 604.106 437.646
1776131166426436279 9 2 2 604.324 396.133
1776131166426436279 9 2 3 564.621 395.767
1776131166559869141 9 2 0 564.745 437.074
1776131166559869141 9 2 1 604.18 437.534
1776131166559869141 9 2 2 604.219 396.252
1776131166559869141 9 2 3 564.584 395.653
1776131166659943604 9 2 0 564.802 437.087
1776131166659943604 9 2 1 604.126 437.524
1776131166659943604 9 2 2 604.392 396.178
1776131166659943604 9 2 3 564.711 395.557
1776131166793376221 9 2 0 564.666 437.063
1776131166793376221 9 2 1 604.108 437.645
1776131166793376221 9 2 2 604.146 396.223
1776131166793376221 9 2 3 564.66 395.753
1776131166826734375 9 2 0 564.627 436.938
1776131166826734375 9 2 1 604.085 437.655
1776131166826734375 9 2 2 604.19 396.183
1776131166826734375 9 2 3 564.522 395.68
1776131166893450684 9 2 0 564.572 437.11
1776131166893450684 9 2 1 604.109 437.501
1776131166893450684 9 2 2 604.343 396.227
1776131166893450684 9 2 3 564.737 395.655
1776131167160303467 9 2 0 564.665 437.076
1776131167160303467 9 2 1 604.138 437.504
1776131167160303467 9 2 2 604.111 396.129
1776131167160303467 9 2 3 564.672 395.591
1776131167293729248 9 2 0 564.625 437.136
1776131167293729248 9 2 1 603.989 437.611
1776131167293729248 9 2 2 604.345 396.359
1776131167293729248 9 2 3 564.651 395.652
1776131167327085693 9 2 0 564.673 437.141
1776131167327085693 9 2 1 604.06 437.56
1776131167327085693 9 2 2 604.404 396.183
1776131167327085693 9 2 3 564.681 395.624
1776131167427155029 9 2 0 564.721 437.119
1776131167427155029 9 2 1 603.982 437.504
1776131167427155029 9 2 2 604.243 396.19
1776131167427155029 9 2 3 564.636 395.687
1776131167660649170 9 2 0 564.897 437.068
1776131167660649170 9 2 1 603.984 437.603
1776131167660649170 9 2 2 604.353 396.174
1776131167660649170 9 2 3 564.408 395.639
1776131167794073975 9 2 0 564.602 437.09
1776131167794073975 9 2 1 604.038 437.625
1776131167794073975 9 2 2 604.125 396.169
1776131167794073975 9 2 3 564.596 395.662
1776131167894142334 9 2 0 564.756 437.105
1776131167894142334 9 2 1 604.115 437.464
1776131167894142334 9 2 2 604.18 396.163
1776131167894142334 9 2 3 564.655 395.691
1776131167927498779 9 2 0 564.646 437.119
1776131167927498779 9 2 1 604.177 437.531
1776131167927498779 9 2 2 604.259 396.263
1776131167927498779 9 2 3 564.578 395.549
1776131168027567383 9 2 0 564.646 437.135
1776131168027567383 9 2 1 604.009 437.453
1776131168027567383 9 2 2 604.261 396.151
1776131168027567383 9 2 3 564.678 395.651
1776131168160992188 9 2 0 564.599 436.922
1776131168160992188 9 2 1 604.028 437.624
1776131168160992188 9 2 2 604.314 396.121
1776131168160992188 9 2 3 564.683 395.637
1776131168294416504 9 2 0 564.593 437.021
1776131168294416504 9 2 1 604.016 437.567
1776131168294416504 9 2 2 604.297 396.064
1776131168294416504 9 2 3 564.567 395.589
1776131168427840332 9 2 0 564.623 436.963
1776131168427840332 9 2 1 603.916 437.66
1776131168427840332 9 2 2 604.314 396.227
1776131168427840332 9 2 3 564.65 395.707
1776131168561263916 9 2 0 564.617 437.097
1776131168561263916 9 2 1 604.225 437.516
1776131168561263916 9 2 2 604.249 396.246
1776131168561263916 9 2 3 564.693 395.56
1776131168761398682 9 2 0 564.776 436.97
1776131168761398682 9 2 1 604.11 437.505
1776131168761398682 9 2 2 604.2 396.144
1776131168761398682 9 2 3 564.586 395.526
1776131168894821533 9 2 0 564.388 437.025
1776131168894821533 9 2 1 604.061 437.552
1776131168894821533 9 2 2 604.269 396.32
1776131168894821533 9 2 3 564.74 395.686
1776131169028240479 9 2 0 564.657 436.91
1776131169028240479 9 2 1 604.076 437.674
1776131169028240479 9 2 2 604.218 396.178
1776131169028240479 9 2 3 564.49 395.723
1776131169061595215 9 2 0 564.692 437.102
1776131169061595215 9 2 1 604.024 437.487
1776131169061595215 9 2 2 604.208 396.226
1776131169061595215 9 2 3 564.605 395.594
1776131169161659180 9 2 0 564.571 437.024
1776131169161659180 9 2 1 603.931 437.66
1776131169161659180 9 2 2 604.348 396.24
1776131169161659180 9 2 3 564.648 395.7
1776131169395140381 9 2 0 564.554 437.006
1776131169395140381 9 2 1 604.124 437.639
1776131169395140381 9 2 2 604.203 396.12
1776131169395140381 9 2 3 564.655 395.715
1776131169528557617 9 2 0 564.622 437.075
1776131169528557617 9 2 1 604.001 437.461
1776131169528557617 9 2 2 604.314 396.118
1776131169528557617 9 2 3 564.523 395.573
1776131169661974121 9 2 0 564.813 437.129
1776131169661974121 9 2 1 603.958 437.543
1776131169661974121 9 2 2 604.262 396.225
1776131169661974121 9 2 3 564.565 395.671
1776131169795390137 9 2 0 564.71 437.21
1776131169795390137 9 2 1 603.944 437.552
1776131169795390137 9 2 2 604.282 396.168
1776131169795390137 9 2 3 564.408 395.684
1776131169895451904 9 2 0 564.601 437.092
1776131169895451904 9 2 1 603.916 437.547
1776131169895451904 9 2 2 604.235 396.163
1776131169895451904 9 2 3 564.562 395.653
1776131170028868896 9 2 0 564.715 437.001
1776131170028868896 9 2 1 603.932 437.523
1776131170028868896 9 2 2 604.164 396.163
1776131170028868896 9 2 3 564.606 395.615
1776131170162285400 9 2 0 564.609 437.001
1776131170162285400 9 2 1 604.172 437.523
1776131170162285400 9 2 2 604.082 396.218
1776131170162285400 9 2 3 564.492 395.579
1776131170295701416 9 2 0 564.707 436.948
1776131170295701416 9 2 1 604.003 437.668
1776131170295701416 9 2 2 604.3 396.325
1776131170295701416 9 2 3 564.681 395.526
1776131170329055176 9 2 0 564.582 436.968
1776131170329055176 9 2 1 604.185 437.705
1776131170329055176 9 2 2 604.151 396.134
1776131170329055176 9 2 3 564.657 395.645
1776131170529177490 9 2 0 564.785 436.956
1776131170529177490 9 2 1 603.951 437.691
1776131170529177490 9 2 2 604.268 396.266
1776131170529177490 9 2 3 564.512 395.536
1776131170695945068 9 2 0 564.584 437.017
1776131170695945068 9 2 1 603.964 437.505
1776131170695945068 9 2 2 604.306 396.218
1776131170695945068 9 2 3 564.608 395.64
1776131170929419434 9 2 0 564.652 437.112
1776131170929419434 9 2 1 603.919 437.553
1776131170929419434 9 2 2 604.333 396.194
1776131170929419434 9 2 3 564.49 395.747
1776131171062836670 9 2 0 564.558 437.08
1776131171062836670 9 2 1 603.991 437.578
1776131171062836670 9 2 2 604.253 396.298
1776131171062836670 9 2 3 564.557 395.597
1776131171096190918 9 2 0 564.795 436.967
1776131171096190918 9 2 1 604.113 437.608
1776131171096190918 9 2 2 604.146 396.23
1776131171096190918 9 2 3 564.455 395.659
1776131171196253418 9 2 0 564.643 437.082
1776131171196253418 9 2 1 603.902 437.49
1776131171196253418 9 2 2 604.247 396.113
1776131171196253418 9 2 3 564.502 395.716
1776131171296315430 9 2 0 564.551 437.06
1776131171296315430 9 2 1 604.019 437.486
1776131171296315430 9 2 2 604.158 396.216
1776131171296315430 9 2 3 564.556 395.487
1776131171563146484 9 2 0 564.581 437.067
1776131171563146484 9 2 1 604.087 437.612
1776131171563146484 9 2 2 604.202 396.155
1776131171563146484 9 2 3 564.684 395.629
1776131171696561035 9 2 0 564.579 436.946
1776131171696561035 9 2 1 604.007 437.605
1776131171696561035 9 2 2 604.235 396.133
1776131171696561035 9 2 3 564.644 395.632
1776131171829975342 9 2 0 564.601 437.022
1776131171829975342 9 2 1 603.827 437.637
1776131171829975342 9 2 2 604.37 396.116
1776131171829975342 9 2 3 564.556 395.688
1776131171963395264 9 2 0 564.626 437.109
1776131171963395264 9 2 1 603.977 437.467
1776131171963395264 9 2 2 604.164 396.147
1776131171963395264 9 2 3 564.586 395.783
1776131171996750732 9 2 0 564.63 437.115
1776131171996750732 9 2 1 604.06 437.496
1776131171996750732 9 2 2 604.227 396.091
1776131171996750732 9 2 3 564.604 395.673
1776131172096816895 9 2 0 564.674 437.033
1776131172096816895 9 2 1 603.927 437.664
1776131172096816895 9 2 2 604.251 396.115
1776131172096816895 9 2 3 564.46 395.703
1776131172230237793 9 2 0 564.711 436.928
1776131172230237793 9 2 1 604.046 437.64
1776131172230237793 9 2 2 604.175 396.189
1776131172230237793 9 2 3 564.526 395.667
1776131172430368652 9 2 0 564.547 437.116
1776131172430368652 9 2 1 603.984 437.592
1776131172430368652 9 2 2 604.123 396.097
1776131172430368652 9 2 3 564.549 395.666
1776131172563788818 9 2 0 564.598 436.992
1776131172563788818 9 2 1 604.021 437.5
1776131172563788818 9 2 2 604.152 396.098
1776131172563788818 9 2 3 564.581 395.733
1776131172697208496 9 2 0 564.652 437.084
1776131172697208496 9 2 1 604.072 437.574
1776131172697208496 9 2 2 604.13 396.112
1776131172697208496 9 2 3 564.539 395.66
1776131172730563477 9 2 0 564.571 437.154
1776131172730563477 9 2 1 604.005 437.5
1776131172730563477 9 2 2 604.258 396.149
1776131172730563477 9 2 3 564.601 395.661
1776131172830627930 9 2 0 564.771 436.991
1776131172830627930 9 2 1 604.049 437.557
1776131172830627930 9 2 2 604.223 396.114
1776131172830627930 9 2 3 564.513 395.553
1776131172964046631 10 0 0 1822.43 443.471
1776131172964046631 10 0 1 1860.52 441.807
1776131172964046631 10 0 2 1858.77 406.561
1776131172964046631 10 0 3 1821.11 408.026
1776131172964046631 9 2 0 564.645 437.026
1776131172964046631 9 2 1 603.857 437.609
1776131172964046631 9 2 2 604.323 396.237
1776131172964046631 9 2 3 564.413 395.725
1776131173197527832 10 0 0 1822.07 443.65
1776131173197527832 10 0 1 1859.94 441.899
1776131173197527832 10 0 2 1859.18 406.656
1776131173197527832 10 0 3 1821.26 408.147
1776131173197527832 9 2 0 564.659 437.056
1776131173197527832 9 2 1 604.03 437.646
1776131173197527832 9 2 2 604.168 396.233
1776131173197527832 9 2 3 564.557 395.569
1776131173330945068 10 0 0 1822.44 443.561
1776131173330945068 10 0 1 1860.27 441.801
1776131173330945068 10 0 2 1859.09 406.445
1776131173330945068 10 0 3 1821.3 408.08
1776131173330945068 9 2 0 564.547 437.158
1776131173330945068 9 2 1 603.857 437.479
1776131173330945068 9 2 2 604.205 396.242
1776131173330945068 9 2 3 564.626 395.596
1776131173464361816 10 0 0 1822.19 443.704
1776131173464361816 10 0 1 1860.68 441.49
1776131173464361816 10 0 2 1858.91 406.607
1776131173464361816 10 0 3 1821.21 408.114
1776131173464361816 9 2 0 564.529 437.102
1776131173464361816 9 2 1 604.073 437.587
1776131173464361816 9 2 2 604.217 396.3
1776131173464361816 9 2 3 564.624 395.651
1776131173497715820 10 0 0 1822.32 443.505
1776131173497715820 10 0 1 1860.41 441.548
1776131173497715820 10 0 2 1858.78 406.34
1776131173497715820 10 0 3 1821.16 408.5
1776131173497715820 9 2 0 564.647 437.214
1776131173497715820 9 2 1 604.202 437.548
1776131173497715820 9 2 2 603.996 396.212
1776131173497715820 9 2 3 564.454 395.667
1776131173597778076 10 0 0 1822.27 443.424
1776131173597778076 10 0 1 1860.05 441.747
1776131173597778076 10 0 2 1859.14 406.504
1776131173597778076 10 0 3 1820.97 408.262
1776131173597778076 9 2 0 564.861 437.146
1776131173597778076 9 2 1 604.014 437.488
1776131173597778076 9 2 2 604.188 396.196
1776131173597778076 9 2 3 564.613 395.647
1776131173731194092 10 0 0 1822.52 443.42
1776131173731194092 10 0 1 1860.23 441.902
1776131173731194092 10 0 2 1858.83 406.628
1776131173731194092 10 0 3 1820.64 408.195
1776131173731194092 9 2 0 564.503 436.982
1776131173731194092 9 2 1 603.959 437.583
1776131173731194092 9 2 2 604.334 396.168
1776131173731194092 9 2 3 564.573 395.703
1776131173897963379 10 0 0 1822.03 443.475
1776131173897963379 10 0 1 1860.38 441.935
1776131173897963379 10 0 2 1859.04 406.489
1776131173897963379 10 0 3 1821.24 408.214
1776131173897963379 9 2 0 564.494 437.037
1776131173897963379 9 2 1 603.883 437.584
1776131173897963379 9 2 2 604.346 396.162
1776131173897963379 9 2 3 564.539 395.685
1776131174131448242 10 0 0 1822.49 443.621
1776131174131448242 10 0 1 1860.17 441.773
1776131174131448242 10 0 2 1859.11 406.673
1776131174131448242 10 0 3 1820.89 408.192
1776131174131448242 9 2 0 564.632 437.016
1776131174131448242 9 2 1 603.95 437.544
1776131174131448242 9 2 2 604.246 396.137
1776131174131448242 9 2 3 564.486 395.654
1776131174264868652 10 0 0 1822.18 443.549
1776131174264868652 10 0 1 1860.25 441.516
1776131174264868652 10 0 2 1858.81 406.592
1776131174264868652 10 0 3 1821.42 407.945
1776131174264868652 9 2 0 564.622 437.117
1776131174264868652 9 2 1 604.058 437.533
1776131174264868652 9 2 2 604.207 396.287
1776131174264868652 9 2 3 564.557 395.595
1776131174398288574 10 0 0 1822.39 443.55
1776131174398288574 10 0 1 1860.15 441.639
1776131174398288574 10 0 2 1859 406.834
1776131174398288574 10 0 3 1821.07 407.886
1776131174398288574 9 2 0 564.585 437.062
1776131174398288574 9 2 1 604 437.559
1776131174398288574 9 2 2 604.238 396.225
1776131174398288574 9 2 3 564.46 395.57
1776131174565062744 10 0 0 1822.08 443.449
1776131174565062744 10 0 1 1860.59 441.743
1776131174565062744 10 0 2 1858.8 406.385
1776131174565062744 10 0 3 1821 408.283
1776131174565062744 9 2 0 564.503 436.845
1776131174565062744 9 2 1 604.014 437.686
1776131174565062744 9 2 2 604.135 396.133
1776131174565062744 9 2 3 564.524 395.649
1776131174598417725 10 0 0 1822.36 443.452
1776131174598417725 10 0 1 1860.24 441.775
1776131174598417725 10 0 2 1859.31 406.365
1776131174598417725 10 0 3 1820.98 407.976
1776131174598417725 9 2 0 564.584 436.968
1776131174598417725 9 2 1 603.805 437.61
1776131174598417725 9 2 2 604.285 396.124
1776131174598417725 9 2 3 564.624 395.671
1776131174698481934 10 0 0 1822.28 443.596
1776131174698481934 10 0 1 1860.07 441.663
1776131174698481934 10 0 2 1858.98 406.298
1776131174698481934 10 0 3 1821.07 408.439
1776131174698481934 9 2 0 564.662 437.196
1776131174698481934 9 2 1 604.04 437.512
1776131174698481934 9 2 2 604.134 396.303
1776131174698481934 9 2 3 564.463 395.657
1776131174965319336 10 0 0 1822.07 443.548
1776131174965319336 10 0 1 1860.36 441.707
1776131174965319336 10 0 2 1859.1 406.674
1776131174965319336 10 0 3 1821.16 408.063
1776131174965319336 9 2 0 564.8 437.114
1776131174965319336 9 2 1 603.97 437.533
1776131174965319336 9 2 2 604.199 396.218
1776131174965319336 9 2 3 564.297 395.575
1776131175132093506 10 0 0 1822.23 443.535
1776131175132093506 10 0 1 1860.02 441.792
1776131175132093506 10 0 2 1859.12 406.354
1776131175132093506 10 0 3 1821.14 408.332
1776131175132093506 9 2 0 564.73 437.114
1776131175132093506 9 2 1 603.902 437.529
1776131175132093506 9 2 2 604.097 396.076
1776131175132093506 9 2 3 564.398 395.704
1776131175232157715 10 0 0 1822.26 443.534
1776131175232157715 10 0 1 1860.34 441.8
1776131175232157715 10 0 2 1859 406.513
1776131175232157715 10 0 3 1821.08 408.1
1776131175232157715 9 2 0 564.637 437.018
1776131175232157715 9 2 1 603.996 437.605
1776131175232157715 9 2 2 604.174 396.099
1776131175232157715 9 2 3 564.491 395.697
1776131175398931152 10 0 0 1822.38 443.354
1776131175398931152 10 0 1 1860.32 441.859
1776131175398931152 10 0 2 1859.04 406.447
1776131175398931152 10 0 3 1820.94 408.321
1776131175398931152 9 2 0 564.583 437.027
1776131175398931152 9 2 1 604.041 437.576
1776131175398931152 9 2 2 604.2 396.124
1776131175398931152 9 2 3 564.481 395.569
1776131175532349609 10 0 0 1822.31 443.43
1776131175532349609 10 0 1 1860.19 441.997
1776131175532349609 10 0 2 1859.01 406.513
1776131175532349609 10 0 3 1821.14 407.99
1776131175532349609 9 2 0 564.587 437.029
1776131175532349609 9 2 1 603.932 437.586
1776131175532349609 9 2 2 604.301 396.154
1776131175532349609 9 2 3 564.583 395.629
1776131175665767822 10 0 0 1822.21 443.47
1776131175665767822 10 0 1 1860.14 441.71
1776131175665767822 10 0 2 1859.01 406.253
1776131175665767822 10 0 3 1821.21 408.408
1776131175665767822 9 2 0 564.714 437.052
1776131175665767822 9 2 1 603.972 437.624
1776131175665767822 9 2 2 604.165 396.168
1776131175665767822 9 2 3 564.351 395.681
1776131175799185791 10 0 0 1822.19 443.651
1776131175799185791 10 0 1 1860.35 441.623
1776131175799185791 10 0 2 1859.04 406.458
1776131175799185791 10 0 3 1821.02 408.24
1776131175799185791 9 2 0 564.698 436.928
1776131175799185791 9 2 1 603.895 437.65
1776131175799185791 9 2 2 604.253 396.259
1776131175799185791 9 2 3 564.372 395.75
1776131175899249023 10 0 0 1822.47 443.363
1776131175899249023 10 0 1 1860.14 441.943
1776131175899249023 10 0 2 1859.01 406.271
1776131175899249023 10 0 3 1820.94 408.244
1776131175899249023 9 2 0 564.583 436.991
1776131175899249023 9 2 1 603.914 437.537
1776131175899249023 9 2 2 604.182 396.165
1776131175899249023 9 2 3 564.587 395.732
1776131176066026367 10 0 0 1822.06 443.549
1776131176066026367 10 0 1 1860.17 441.61
1776131176066026367 10 0 2 1859.08 406.553
1776131176066026367 10 0 3 1821.53 408.099
1776131176066026367 9 2 0 564.627 436.974
1776131176066026367 9 2 1 603.822 437.595
1776131176066026367 9 2 2 604.276 396.174
1776131176066026367 9 2 3 564.589 395.628
1776131176166093262 10 0 0 1822.42 443.399
1776131176166093262 10 0 1 1860.2 441.783
1776131176166093262 10 0 2 1859.24 406.456
1776131176166093262 10 0 3 1820.95 408.208
1776131176166093262 9 2 0 564.653 437.042
1776131176166093262 9 2 1 604.078 437.626
1776131176166093262 9 2 2 604.117 396.126
1776131176166093262 9 2 3 564.487 395.531
1776131176332871582 10 0 0 1822.37 443.006
1776131176332871582 10 0 1 1860.29 441.657
1776131176332871582 10 0 2 1858.97 406.525
1776131176332871582 10 0 3 1821.02 408.265
1776131176332871582 9 2 0 564.509 437.134
1776131176332871582 9 2 1 603.824 437.498
1776131176332871582 9 2 2 604.249 396.285
1776131176332871582 9 2 3 564.54 395.68
1776131176466293701 10 0 0 1822.61 443.465
1776131176466293701 10 0 1 1860.43 441.743
1776131176466293701 10 0 2 1858.99 406.423
1776131176466293701 10 0 3 1821 408.094
1776131176466293701 9 2 0 564.489 437.011
1776131176466293701 9 2 1 604.082 437.703
1776131176466293701 9 2 2 604.029 396.189
1776131176466293701 9 2 3 564.458 395.61
1776131176599715820 10 0 0 1822.37 443.646
1776131176599715820 10 0 1 1860.34 441.802
1776131176599715820 10 0 2 1858.9 406.576
1776131176599715820 10 0 3 1821.05 407.992
1776131176599715820 9 2 0 564.493 437.038
1776131176599715820 9 2 1 604.014 437.625
1776131176599715820 9 2 2 604.131 396.13
1776131176599715820 9 2 3 564.664 395.654
1776131176733137939 10 0 0 1822.17 443.456
1776131176733137939 10 0 1 1860.26 441.622
1776131176733137939 10 0 2 1858.94 406.56
1776131176733137939 10 0 3 1821.06 408.215
1776131176733137939 9 2 0 564.688 436.976
1776131176733137939 9 2 1 604.012 437.7
1776131176733137939 9 2 2 604.038 396.279
1776131176733137939 9 2 3 564.544 395.585
1776131176766493408 10 0 0 1822.17 443.818
1776131176766493408 10 0 1 1860.35 441.475
1776131176766493408 10 0 2 1858.85 406.547
1776131176766493408 10 0 3 1821.04 408.316
1776131176766493408 9 2 0 564.632 436.999
1776131176766493408 9 2 1 603.944 437.61
1776131176766493408 9 2 2 604.176 396.05
1776131176766493408 9 2 3 564.543 395.655
1776131176866559570 10 0 0 1822.45 443.683
1776131176866559570 10 0 1 1860.19 441.398
1776131176866559570 10 0 2 1858.83 406.673
1776131176866559570 10 0 3 1820.76 408.184
1776131176866559570 9 2 0 564.56 437.148
1776131176866559570 9 2 1 604.04 437.508
1776131176866559570 9 2 2 604.051 396.142
1776131176866559570 9 2 3 564.37 395.671
1776131177033342041 10 0 0 1822.47 443.587
1776131177033342041 10 0 1 1860.44 441.692
1776131177033342041 10 0 2 1858.83 406.665
1776131177033342041 10 0 3 1821.17 408.257
1776131177033342041 9 2 0 564.624 437.062
1776131177033342041 9 2 1 603.833 437.452
1776131177033342041 9 2 2 604.267 396.017
1776131177033342041 9 2 3 564.489 395.666
1776131177266842773 10 0 0 1822.59 443.415
1776131177266842773 10 0 1 1860.47 441.714
1776131177266842773 10 0 2 1858.79 406.62
1776131177266842773 10 0 3 1820.98 408.074
1776131177266842773 9 2 0 564.522 437.147
1776131177266842773 9 2 1 603.909 437.589
1776131177266842773 9 2 2 604.185 396.081
1776131177266842773 9 2 3 564.428 395.678
1776131177400271973 10 0 0 1822.38 443.698
1776131177400271973 10 0 1 1859.99 441.719
1776131177400271973 10 0 2 1859.06 406.329
1776131177400271973 10 0 3 1821.16 408.25
1776131177400271973 9 2 0 564.617 437.014
1776131177400271973 9 2 1 604.067 437.599
1776131177400271973 9 2 2 604.009 396.213
1776131177400271973 9 2 3 564.542 395.584
1776131177567058838 10 0 0 1822.26 443.586
1776131177567058838 10 0 1 1860.29 441.631
1776131177567058838 10 0 2 1859.03 406.756
1776131177567058838 10 0 3 1821.09 408.011
1776131177567058838 9 2 0 564.701 437.032
1776131177567058838 9 2 1 604.006 437.552
1776131177567058838 9 2 2 604.008 396.114
1776131177567058838 9 2 3 564.562 395.695
1776131177667131348 9 2 0 564.667 437.111
1776131177667131348 9 2 1 603.907 437.588
1776131177667131348 9 2 2 604.325 396.181
1776131177667131348 9 2 3 564.483 395.617
1776131177833918701 9 2 0 564.668 436.989
1776131177833918701 9 2 1 603.918 437.542
1776131177833918701 9 2 2 604.205 396.233
1776131177833918701 9 2 3 564.424 395.588
1776131177867276367 9 2 0 564.59 437.029
1776131177867276367 9 2 1 603.946 437.501
1776131177867276367 9 2 2 604.18 396.325
1776131177867276367 9 2 3 564.463 395.607
1776131177967347168 9 2 0 564.69 436.958
1776131177967347168 9 2 1 603.897 437.631
1776131177967347168 9 2 2 604.159 396.122
1776131177967347168 9 2 3 564.494 395.706
1776131178100769775 9 2 0 564.606 436.918
1776131178100769775 9 2 1 603.945 437.634
1776131178100769775 9 2 2 604.233 396.232
1776131178100769775 9 2 3 564.43 395.588
1776131178334258789 9 2 0 564.663 437.074
1776131178334258789 9 2 1 603.936 437.596
1776131178334258789 9 2 2 604.145 396.125
1776131178334258789 9 2 3 564.43 395.695
1776131178467681152 9 2 0 564.596 437.09
1776131178467681152 9 2 1 603.918 437.595
1776131178467681152 9 2 2 604.129 396.225
1776131178467681152 9 2 3 564.533 395.616
1776131178601103271 9 2 0 564.481 437.219
1776131178601103271 9 2 1 603.86 437.498
1776131178601103271 9 2 2 604.12 396.211
1776131178601103271 9 2 3 564.466 395.645
1776131178634458740 9 2 0 564.576 437.02
1776131178634458740 9 2 1 604.116 437.541
1776131178634458740 9 2 2 603.974 396.207
1776131178634458740 9 2 3 564.43 395.675
1776131178734525391 9 2 0 564.574 437.018
1776131178734525391 9 2 1 603.946 437.623
1776131178734525391 9 2 2 604.175 396.146
1776131178734525391 9 2 3 564.493 395.72
1776131179001369385 9 2 0 564.492 436.988
1776131179001369385 9 2 1 603.739 437.532
1776131179001369385 9 2 2 604.292 396.209
1776131179001369385 9 2 3 564.504 395.595
1776131179134791748 9 2 0 564.504 437.083
1776131179134791748 9 2 1 603.93 437.458
1776131179134791748 9 2 2 604.277 396.152
1776131179134791748 9 2 3 564.346 395.618
1776131179268213867 9 2 0 564.605 437.046
1776131179268213867 9 2 1 604.075 437.57
1776131179268213867 9 2 2 604.179 396.21
1776131179268213867 9 2 3 564.526 395.605
1776131179401635986 9 2 0 564.518 437.021
1776131179401635986 9 2 1 604.058 437.608
1776131179401635986 9 2 2 604.143 396.123
1776131179401635986 9 2 3 564.44 395.719
1776131179501702393 9 2 0 564.521 437.039
1776131179501702393 9 2 1 603.937 437.549
1776131179501702393 9 2 2 604.116 396.213
1776131179501702393 9 2 3 564.39 395.66
1776131179635124023 9 2 0 564.662 437.038
1776131179635124023 9 2 1 604.026 437.577
1776131179635124023 9 2 2 604.121 396.158
1776131179635124023 9 2 3 564.634 395.567
1776131179668479492 9 2 0 564.719 437.052
1776131179668479492 9 2 1 603.934 437.587
1776131179668479492 9 2 2 604.211 396.213
1776131179668479492 9 2 3 564.542 395.677
1776131179735190430 9 2 0 564.632 437.14
1776131179735190430 9 2 1 604.035 437.51
1776131179735190430 9 2 2 604.099 396.163
1776131179735190430 9 2 3 564.487 395.568
1776131180002039551 9 2 0 564.451 437.093
1776131180002039551 9 2 1 603.99 437.451
1776131180002039551 9 2 2 604.043 396.17
1776131180002039551 9 2 3 564.578 395.766
1776131180035397949 9 2 0 564.631 437.047
1776131180035397949 9 2 1 604.052 437.668
1776131180035397949 9 2 2 604.147 396.158
1776131180035397949 9 2 3 564.559 395.722
1776131180268907227 9 2 0 564.714 437.085
1776131180268907227 9 2 1 603.914 437.587
1776131180268907227 9 2 2 604.243 396.205
1776131180268907227 9 2 3 564.345 395.552
1776131180402341553 9 2 0 564.609 437.063
1776131180402341553 9 2 1 603.99 437.564
1776131180402341553 9 2 2 604.136 396.236
1776131180402341553 9 2 3 564.482 395.683
1776131180435700195 9 2 0 564.746 437.019
1776131180435700195 9 2 1 603.781 437.615
1776131180435700195 9 2 2 604.274 396.197
1776131180435700195 9 2 3 564.382 395.824
1776131180535776367 9 2 0 564.499 437.171
1776131180535776367 9 2 1 603.84 437.492
1776131180535776367 9 2 2 604.248 396.13
1776131180535776367 9 2 3 564.448 395.625
1776131180669211426 9 2 0 564.596 437.137
1776131180669211426 9 2 1 603.9 437.563
1776131180669211426 9 2 2 604.17 396.217
1776131180669211426 9 2 3 564.44 395.583
1776131180769288086 9 2 0 564.702 437.13
1776131180769288086 9 2 1 603.892 437.459
1776131180769288086 9 2 2 604.162 396.159
1776131180769288086 9 2 3 564.497 395.628
1776131181036149902 9 2 0 564.585 436.929
1776131181036149902 9 2 1 603.849 437.658
1776131181036149902 9 2 2 604.21 396.174
1776131181036149902 9 2 3 564.541 395.777
1776131181169572754 9 2 0 564.539 437.113
1776131181169572754 9 2 1 603.705 437.611
1776131181169572754 9 2 2 604.224 396.203
1776131181169572754 9 2 3 564.332 395.684
1776131181336351074 9 2 0 564.431 437.078
1776131181336351074 9 2 1 603.961 437.592
1776131181336351074 9 2 2 604.086 396.164
1776131181336351074 9 2 3 564.485 395.712
1776131181469773682 9 2 0 564.718 437.074
1776131181469773682 9 2 1 603.91 437.532
1776131181469773682 9 2 2 604.164 396.064
1776131181469773682 9 2 3 564.367 395.707
1776131181603196289 9 2 0 564.611 436.909
1776131181603196289 9 2 1 604.008 437.604
1776131181603196289 9 2 2 604.169 396.133
1776131181603196289 9 2 3 564.393 395.763
1776131181703263184 9 2 0 564.554 437.185
1776131181703263184 9 2 1 603.727 437.56
1776131181703263184 9 2 2 604.178 396.128
1776131181703263184 9 2 3 564.418 395.749
1776131181836685547 9 2 0 564.623 436.985
1776131181836685547 9 2 1 603.978 437.635
1776131181836685547 9 2 2 604.132 396.131
1776131181836685547 9 2 3 564.394 395.632
1776131181870041016 9 2 0 564.593 437.22
1776131181870041016 9 2 1 603.887 437.426
1776131181870041016 9 2 2 604.245 396.11
1776131181870041016 9 2 3 564.494 395.725
1776131181970108643 9 2 0 564.449 436.98
1776131181970108643 9 2 1 603.891 437.546
1776131181970108643 9 2 2 604.154 396.131
1776131181970108643 9 2 3 564.55 395.705
1776131182103533936 9 2 0 564.528 437.144
1776131182103533936 9 2 1 603.799 437.509
1776131182103533936 9 2 2 604.271 396.255
1776131182103533936 9 2 3 564.533 395.709
1776131182236959229 9 2 0 564.433 436.951
1776131182236959229 9 2 1 603.964 437.664
1776131182236959229 9 2 2 604.065 396.15
1776131182236959229 9 2 3 564.564 395.661
1776131182370384521 9 2 0 564.526 437.077
1776131182370384521 9 2 1 603.941 437.63
1776131182370384521 9 2 2 604.176 396.209
1776131182370384521 9 2 3 564.43 395.704
1776131182603878662 9 2 0 564.532 437.055
1776131182603878662 9 2 1 603.847 437.477
1776131182603878662 9 2 2 604.193 396.239
1776131182603878662 9 2 3 564.411 395.598
1776131182737304199 9 2 0 564.497 436.926
1776131182737304199 9 2 1 603.873 437.691
1776131182737304199 9 2 2 604.217 396.134
1776131182737304199 9 2 3 564.518 395.631
1776131182904085938 9 2 0 564.611 437.079
1776131182904085938 9 2 1 603.851 437.607
1776131182904085938 9 2 2 604.223 396.221
1776131182904085938 9 2 3 564.54 395.54
1776131183004156250 9 2 0 564.511 437.147
1776131183004156250 9 2 1 603.875 437.577
1776131183004156250 9 2 2 604.234 396.326
1776131183004156250 9 2 3 564.629 395.628
1776131183170940918 9 2 0 564.585 437.089
1776131183170940918 9 2 1 603.959 437.613
1776131183170940918 9 2 2 604.06 396.329
1776131183170940918 9 2 3 564.502 395.544
1776131183304368896 9 2 0 564.532 437.026
1776131183304368896 9 2 1 604.043 437.629
1776131183304368896 9 2 2 604.326 396.266
1776131183304368896 9 2 3 564.496 395.661
1776131183437796875 9 2 0 564.644 437.052
1776131183437796875 9 2 1 603.849 437.585
1776131183437796875 9 2 2 604.091 396.221
1776131183437796875 9 2 3 564.285 395.636
1776131183471153809 9 2 0 564.588 437.049
1776131183471153809 9 2 1 603.971 437.581
1776131183471153809 9 2 2 604.089 396.364
1776131183471153809 9 2 3 564.54 395.588
1776131183571224854 9 2 0 564.624 436.944
1776131183571224854 9 2 1 603.887 437.708
1776131183571224854 9 2 2 604.243 396.229
1776131183571224854 9 2 3 564.357 395.648
1776131183704653076 9 2 0 564.421 437.114
1776131183704653076 9 2 1 604.08 437.482
1776131183704653076 9 2 2 603.954 396.246
1776131183704653076 9 2 3 564.451 395.617
1776131183938152100 9 2 0 564.609 437.136
1776131183938152100 9 2 1 603.945 437.536
1776131183938152100 9 2 2 604.163 396.174
1776131183938152100 9 2 3 564.446 395.565
1776131184071577148 9 2 0 564.667 437.03
1776131184071577148 9 2 1 603.918 437.526
1776131184071577148 9 2 2 604.146 396.093
1776131184071577148 9 2 3 564.285 395.607
1776131184104933594 9 2 0 564.529 437.162
1776131184104933594 9 2 1 603.957 437.628
1776131184104933594 9 2 2 604.308 396.231
1776131184104933594 9 2 3 564.467 395.581
1776131184972196045 10 0 0 1822.55 443.623
1776131184972196045 10 0 1 1860.33 441.472
1776131184972196045 10 0 2 1858.66 406.34
1776131184972196045 10 0 3 1820.75 408.39
1776131184972196045 9 2 0 564.566 437.008
1776131184972196045 9 2 1 603.792 437.559
1776131184972196045 9 2 2 604.037 396.201
1776131184972196045 9 2 3 564.43 395.689
1776131185105618896 10 0 0 1822.24 443.789
1776131185105618896 10 0 1 1860.37 441.718
1776131185105618896 10 0 2 1858.67 406.432
1776131185105618896 10 0 3 1820.94 408.276
1776131185105618896 9 2 0 564.481 437.059
1776131185105618896 9 2 1 603.824 437.585
1776131185105618896 9 2 2 604.192 396.227
1776131185105618896 9 2 3 564.533 395.58
1776131185272397217 10 0 0 1822.53 443.272
1776131185272397217 10 0 1 1859.93 441.942
1776131185272397217 10 0 2 1859.1 406.942
1776131185272397217 10 0 3 1820.79 407.987
1776131185272397217 9 2 0 564.518 437.171
1776131185272397217 9 2 1 603.932 437.565
1776131185272397217 9 2 2 604.12 396.173
1776131185272397217 9 2 3 564.503 395.604
1776131185372464355 10 0 0 1822.22 443.447
1776131185372464355 10 0 1 1860.33 441.947
1776131185372464355 10 0 2 1858.95 406.431
1776131185372464355 10 0 3 1820.95 408.372
1776131185372464355 9 2 0 564.515 437.014
1776131185372464355 9 2 1 603.937 437.6
1776131185372464355 9 2 2 604.157 396.331
1776131185372464355 9 2 3 564.468 395.622
1776131185539242432 10 0 0 1822.02 443.571
1776131185539242432 10 0 1 1860.21 441.632
1776131185539242432 10 0 2 1858.8 406.812
1776131185539242432 10 0 3 1821.19 407.956
1776131185539242432 9 2 0 564.496 437.116
1776131185539242432 9 2 1 603.976 437.545
1776131185539242432 9 2 2 604.027 396.253
1776131185539242432 9 2 3 564.489 395.577
1776131185672664795 10 0 0 1822.33 443.504
1776131185672664795 10 0 1 1860.09 442.054
1776131185672664795 10 0 2 1858.89 406.91
1776131185672664795 10 0 3 1821 408.126
1776131185672664795 9 2 0 564.495 437.076
1776131185672664795 9 2 1 603.924 437.573
1776131185672664795 9 2 2 604.102 396.039
1776131185672664795 9 2 3 564.49 395.637
1776131185706020264 10 0 0 1822.55 443.461
1776131185706020264 10 0 1 1860.4 441.82
1776131185706020264 10 0 2 1858.89 406.674
1776131185706020264 10 0 3 1820.71 408.186
1776131185706020264 9 2 0 564.494 437.191
1776131185706020264 9 2 1 603.981 437.507
1776131185706020264 9 2 2 604.091 396.073
1776131185706020264 9 2 3 564.446 395.792
1776131185806087158 9 2 0 564.592 436.954
1776131185806087158 9 2 1 603.917 437.62
1776131185806087158 9 2 2 604.187 396.23
1776131185806087158 9 2 3 564.427 395.638
1776131186072932129 9 2 0 564.518 437.079
1776131186072932129 9 2 1 603.894 437.547
1776131186072932129 9 2 2 604.198 396.311
1776131186072932129 9 2 3 564.504 395.539
1776131186106287842 9 2 0 564.531 437.118
1776131186106287842 9 2 1 603.955 437.569
1776131186106287842 9 2 2 604.109 396.195
1776131186106287842 9 2 3 564.457 395.683
1776131186239710449 9 2 0 564.634 437.047
1776131186239710449 9 2 1 603.782 437.593
1776131186239710449 9 2 2 604.185 396.264
1776131186239710449 9 2 3 564.431 395.625
1776131186473199707 9 2 0 564.571 436.913
1776131186473199707 9 2 1 603.876 437.68
1776131186473199707 9 2 2 604.136 396.184
1776131186473199707 9 2 3 564.583 395.828
1776131186606622314 9 2 0 564.435 436.979
1776131186606622314 9 2 1 603.865 437.589
1776131186606622314 9 2 2 604.298 396.245
1776131186606622314 9 2 3 564.498 395.551
1776131186639977783 9 2 0 564.608 437.086
1776131186639977783 9 2 1 603.946 437.644
1776131186639977783 9 2 2 604.132 396.167
1776131186639977783 9 2 3 564.495 395.677
1776131186740044434 9 2 0 564.568 437.078
1776131186740044434 9 2 1 603.93 437.564
1776131186740044434 9 2 2 603.991 396.18
1776131186740044434 9 2 3 564.592 395.645
1776131186873466797 9 2 0 564.576 437.094
1776131186873466797 9 2 1 604.013 437.581
1776131186873466797 9 2 2 604.006 396.177
1776131186873466797 9 2 3 564.453 395.665
1776131187006889648 9 2 0 564.6 436.972
1776131187006889648 9 2 1 603.976 437.611
1776131187006889648 9 2 2 604.162 396.203
1776131187006889648 9 2 3 564.415 395.742
1776131187240381104 9 2 0 564.437 437.083
1776131187240381104 9 2 1 603.827 437.525
1776131187240381104 9 2 2 604.122 396.155
1776131187240381104 9 2 3 564.456 395.614
1776131187373804688 9 2 0 564.554 437.05
1776131187373804688 9 2 1 603.894 437.535
1776131187373804688 9 2 2 604.174 396.25
1776131187373804688 9 2 3 564.501 395.561
1776131187407160400 9 2 0 564.524 437.04
1776131187407160400 9 2 1 603.941 437.609
1776131187407160400 9 2 2 604.095 396.236
1776131187407160400 9 2 3 564.414 395.694
1776131187507228027 9 2 0 564.521 437.102
1776131187507228027 9 2 1 603.747 437.523
1776131187507228027 9 2 2 604.21 396.158
1776131187507228027 9 2 3 564.489 395.636
1776131187740718994 9 2 0 564.348 437.177
1776131187740718994 9 2 1 603.853 437.49
1776131187740718994 9 2 2 604.225 396.12
1776131187740718994 9 2 3 564.551 395.751
1776131187874142090 9 2 0 564.522 437.112
1776131187874142090 9 2 1 603.825 437.633
1776131187874142090 9 2 2 604.086 396.259
1776131187874142090 9 2 3 564.675 395.617
1776131188007568848 9 2 0 564.491 437.075
1776131188007568848 9 2 1 603.895 437.56
1776131188007568848 9 2 2 604.125 396.228
1776131188007568848 9 2 3 564.482 395.597
1776131188040926270 9 2 0 564.558 437.032
1776131188040926270 9 2 1 603.952 437.584
1776131188040926270 9 2 2 604.217 396.049
1776131188040926270 9 2 3 564.436 395.675
1776131188140998779 9 2 0 564.579 436.96
1776131188140998779 9 2 1 603.864 437.631
1776131188140998779 9 2 2 604.278 396.183
1776131188140998779 9 2 3 564.539 395.575
1776131188274428711 9 2 0 564.546 437.081
1776131188274428711 9 2 1 603.93 437.53
1776131188274428711 9 2 2 604.183 396.21
1776131188274428711 9 2 3 564.389 395.694
1776131188407859131 9 2 0 564.545 436.959
1776131188407859131 9 2 1 603.763 437.677
1776131188407859131 9 2 2 604.198 396.155
1776131188407859131 9 2 3 564.605 395.708
1776131188541289551 9 2 0 564.522 437.113
1776131188541289551 9 2 1 603.976 437.564
1776131188541289551 9 2 2 604.152 396.268
1776131188541289551 9 2 3 564.364 395.579
1776131188674719971 9 2 0 564.381 437.167
1776131188674719971 9 2 1 603.833 437.491
1776131188674719971 9 2 2 604.268 396.154
1776131188674719971 9 2 3 564.478 395.715
1776131188908223877 9 2 0 564.588 437.127
1776131188908223877 9 2 1 603.885 437.535
1776131188908223877 9 2 2 604.204 396.189
1776131188908223877 9 2 3 564.483 395.702
1776131189075009521 9 2 0 564.538 437.015
1776131189075009521 9 2 1 604.031 437.578
1776131189075009521 9 2 2 604.078 396.09
1776131189075009521 9 2 3 564.524 395.779
1776131189108366699 9 2 0 564.555 437.119
1776131189108366699 9 2 1 603.927 437.545
1776131189108366699 9 2 2 604.117 396.202
1776131189108366699 9 2 3 564.518 395.702
1776131189175080566 9 2 0 564.503 437.032
1776131189175080566 9 2 1 603.878 437.607
1776131189175080566 9 2 2 604.047 396.221
1776131189175080566 9 2 3 564.492 395.575
1776131189441936768 9 2 0 564.58 437.213
1776131189441936768 9 2 1 603.956 437.549
1776131189441936768 9 2 2 604.14 396.128
1776131189441936768 9 2 3 564.377 395.689
1776131189475293945 9 2 0 564.654 437.138
1776131189475293945 9 2 1 603.932 437.515
1776131189475293945 9 2 2 604.054 396.127
1776131189475293945 9 2 3 564.271 395.725
1776131189675436035 9 2 0 564.595 437.119
1776131189675436035 9 2 1 603.75 437.538
1776131189675436035 9 2 2 604.201 396.226
1776131189675436035 9 2 3 564.466 395.737
1776131189842221436 9 2 0 564.583 437.132
1776131189842221436 9 2 1 603.698 437.647
1776131189842221436 9 2 2 604.19 396.189
1776131189842221436 9 2 3 564.338 395.702
1776131189942292725 9 2 0 564.634 436.931
1776131189942292725 9 2 1 603.892 437.596
1776131189942292725 9 2 2 604.136 396.168
1776131189942292725 9 2 3 564.33 395.589
1776131190075723389 9 2 0 564.744 437.106
1776131190075723389 9 2 1 603.919 437.629
1776131190075723389 9 2 2 604.107 396.134
1776131190075723389 9 2 3 564.341 395.727
1776131190109081055 9 2 0 564.509 437.099
1776131190109081055 9 2 1 603.922 437.542
1776131190109081055 9 2 2 604.076 396.163
1776131190109081055 9 2 3 564.495 395.697
1776131190209154297 9 2 0 564.501 437.012
1776131190209154297 9 2 1 603.907 437.631
1776131190209154297 9 2 2 604.206 396.161
1776131190209154297 9 2 3 564.511 395.653
1776131190342585205 9 2 0 564.428 437.026
1776131190342585205 9 2 1 603.711 437.603
1776131190342585205 9 2 2 604.384 396.168
1776131190342585205 9 2 3 564.609 395.68
1776131190442658447 9 2 0 564.607 436.967
1776131190442658447 9 2 1 603.899 437.579
1776131190442658447 9 2 2 604.197 396.194
1776131190442658447 9 2 3 564.534 395.736
1776131190709521484 9 2 0 564.656 436.97
1776131190709521484 9 2 1 603.764 437.574
1776131190709521484 9 2 2 604.161 396.242
1776131190709521484 9 2 3 564.373 395.717
1776131190742879395 9 2 0 564.482 437.24
1776131190742879395 9 2 1 603.807 437.491
1776131190742879395 9 2 2 604.206 396.26
1776131190742879395 9 2 3 564.567 395.601
1776131190876311035 9 2 0 564.58 437.127
1776131190876311035 9 2 1 603.911 437.6
1776131190876311035 9 2 2 604.083 396.1
1776131190876311035 9 2 3 564.448 395.727
1776131191109806152 9 2 0 564.499 437.101
1776131191109806152 9 2 1 603.916 437.567
1776131191109806152 9 2 2 604.168 396.123
1776131191109806152 9 2 3 564.538 395.743
1776131191243229736 9 2 0 564.526 437.091
1776131191243229736 9 2 1 603.925 437.542
1776131191243229736 9 2 2 604.053 396.179
1776131191243229736 9 2 3 564.395 395.689
1776131191376653076 9 2 0 564.309 437.169
1776131191376653076 9 2 1 603.833 437.569
1776131191376653076 9 2 2 604.11 396.071
1776131191376653076 9 2 3 564.575 395.784
1776131191410008789 9 2 0 564.478 437.068
1776131191410008789 9 2 1 603.81 437.572
1776131191410008789 9 2 2 604.16 396.205
1776131191410008789 9 2 3 564.358 395.773
1776131191510076172 9 2 0 564.49 437.083
1776131191510076172 9 2 1 603.797 437.58
1776131191510076172 9 2 2 604.217 396.234
1776131191510076172 9 2 3 564.58 395.659
1776131191643499512 9 2 0 564.476 437.112
1776131191643499512 9 2 1 603.908 437.52
1776131191643499512 9 2 2 604.037 396.073
1776131191643499512 9 2 3 564.455 395.686
1776131191776922607 9 2 0 564.37 437.192
1776131191776922607 9 2 1 603.887 437.594
1776131191776922607 9 2 2 604.209 396.175
1776131191776922607 9 2 3 564.448 395.765
1776131191910345703 9 2 0 564.482 437.137
1776131191910345703 9 2 1 603.946 437.563
1776131191910345703 9 2 2 604.137 396.147
1776131191910345703 9 2 3 564.541 395.718
1776131192043770752 9 2 0 564.52 437.091
1776131192043770752 9 2 1 604.03 437.575
1776131192043770752 9 2 2 604.105 396.276
1776131192043770752 9 2 3 564.488 395.623
1776131192177196289 9 2 0 564.658 437.094
1776131192177196289 9 2 1 603.749 437.562
1776131192177196289 9 2 2 604.15 396.19
1776131192177196289 9 2 3 564.487 395.721
1776131192410691406 9 2 0 564.458 437.08
1776131192410691406 9 2 1 603.89 437.599
1776131192410691406 9 2 2 604.189 396.232
1776131192410691406 9 2 3 564.537 395.699
1776131192544117188 9 2 0 564.3 437.089
1776131192544117188 9 2 1 603.781 437.656
1776131192544117188 9 2 2 604.206 396.212
1776131192544117188 9 2 3 564.42 395.652
1776131192677542969 9 2 0 564.509 437.098
1776131192677542969 9 2 1 603.865 437.562
1776131192677542969 9 2 2 604.064 396.256
1776131192677542969 9 2 3 564.307 395.615
1776131192710899414 9 2 0 564.565 436.975
1776131192710899414 9 2 1 603.945 437.6
1776131192710899414 9 2 2 604.049 396.348
1776131192710899414 9 2 3 564.418 395.525
1776131192810968994 9 2 0 564.406 437.058
1776131192810968994 9 2 1 603.977 437.609
1776131192810968994 9 2 2 604.072 396.217
1776131192810968994 9 2 3 564.646 395.617
1776131192944394775 9 2 0 564.577 437.038
1776131192944394775 9 2 1 603.873 437.572
1776131192944394775 9 2 2 604.125 396.272
1776131192944394775 9 2 3 564.499 395.61
1776131193177885254 9 2 0 564.558 436.959
1776131193177885254 9 2 1 603.868 437.62
1776131193177885254 9 2 2 604.072 396.08
1776131193177885254 9 2 3 564.558 395.652
1776131193311308105 9 2 0 564.59 437.098
1776131193311308105 9 2 1 604.037 437.581
1776131193311308105 9 2 2 603.98 396.164
1776131193311308105 9 2 3 564.385 395.64
1776131193444730957 9 2 0 564.398 437.036
1776131193444730957 9 2 1 603.762 437.621
1776131193444730957 9 2 2 604.165 396.203
1776131193444730957 9 2 3 564.534 395.663
1776131193578153809 9 2 0 564.531 437.116
1776131193578153809 9 2 1 603.944 437.623
1776131193578153809 9 2 2 604.093 396.094
1776131193578153809 9 2 3 564.268 395.701
1776131193744932129 9 2 0 564.569 437.088
1776131193744932129 9 2 1 603.975 437.604
1776131193744932129 9 2 2 603.885 396.19
1776131193744932129 9 2 3 564.497 395.614
1776131193844999023 9 2 0 564.618 437.074
1776131193844999023 9 2 1 603.827 437.544
1776131193844999023 9 2 2 604.115 396.121
1776131193844999023 9 2 3 564.371 395.626
1776131194011777100 9 2 0 564.301 437.049
1776131194011777100 9 2 1 603.872 437.559
1776131194011777100 9 2 2 604.041 396.122
1776131194011777100 9 2 3 564.464 395.82
1776131194111843994 9 2 0 564.373 437.121
1776131194111843994 9 2 1 604.054 437.674
1776131194111843994 9 2 2 603.999 396.215
1776131194111843994 9 2 3 564.539 395.6
1776131194145199707 9 2 0 564.497 437.062
1776131194145199707 9 2 1 603.861 437.586
1776131194145199707 9 2 2 604.024 396.226
1776131194145199707 9 2 3 564.464 395.688
1776131194378688721 9 2 0 564.484 437.12
1776131194378688721 9 2 1 603.838 437.52
1776131194378688721 9 2 2 604.135 396.147
1776131194378688721 9 2 3 564.494 395.75
1776131194412044189 9 2 0 564.514 437.156
1776131194412044189 9 2 1 603.842 437.628
1776131194412044189 9 2 2 604.27 396.079
1776131194412044189 9 2 3 564.593 395.811
1776131194478755371 9 2 0 564.346 437.156
1776131194478755371 9 2 1 603.965 437.561
1776131194478755371 9 2 2 604.145 396.257
1776131194478755371 9 2 3 564.665 395.751
1776131194745599609 9 2 0 564.535 437.001
1776131194745599609 9 2 1 603.748 437.687
1776131194745599609 9 2 2 604.144 396.218
1776131194745599609 9 2 3 564.296 395.624
1776131194879021484 9 2 0 564.541 436.93
1776131194879021484 9 2 1 603.883 437.71
1776131194879021484 9 2 2 604.165 396.207
1776131194879021484 9 2 3 564.41 395.699
1776131195045800781 9 2 0 564.314 437.123
1776131195045800781 9 2 1 603.877 437.622
1776131195045800781 9 2 2 604.177 396.198
1776131195045800781 9 2 3 564.576 395.613
1776131195145868652 9 2 0 564.495 437.174
1776131195145868652 9 2 1 603.919 437.587
1776131195145868652 9 2 2 604.172 396.17
1776131195145868652 9 2 3 564.387 395.705
1776131195312648193 9 2 0 564.64 437.068
1776131195312648193 9 2 1 603.999 437.667
1776131195312648193 9 2 2 604.007 396.242
1776131195312648193 9 2 3 564.218 395.713
1776131195412716064 9 2 0 564.556 437.069
1776131195412716064 9 2 1 603.806 437.563
1776131195412716064 9 2 2 604.231 396.278
1776131195412716064 9 2 3 564.395 395.705
1776131195546139648 9 2 0 564.47 437.186
1776131195546139648 9 2 1 603.839 437.611
1776131195546139648 9 2 2 604.151 396.198
1776131195546139648 9 2 3 564.429 395.751
1776131195579495361 9 2 0 564.442 437.022
1776131195579495361 9 2 1 603.811 437.671
1776131195579495361 9 2 2 604.112 396.305
1776131195579495361 9 2 3 564.4 395.609
1776131195679563232 9 2 0 564.488 437.027
1776131195679563232 9 2 1 603.833 437.593
1776131195679563232 9 2 2 604.211 396.353
1776131195679563232 9 2 3 564.476 395.586
1776131195812986572 9 2 0 564.492 437.128
1776131195812986572 9 2 1 603.863 437.527
1776131195812986572 9 2 2 604.117 396.254
1776131195812986572 9 2 3 564.402 395.65
1776131195946410156 9 2 0 564.578 436.992
1776131195946410156 9 2 1 603.903 437.612
1776131195946410156 9 2 2 604.088 396.224
1776131195946410156 9 2 3 564.51 395.673
1776131196079839600 9 2 0 564.475 437.128
1776131196079839600 9 2 1 603.842 437.518
1776131196079839600 9 2 2 604.198 396.259
1776131196079839600 9 2 3 564.513 395.599
1776131196313344971 10 0 0 1822.37 443.51
1776131196313344971 10 0 1 1860.46 441.845
1776131196313344971 10 0 2 1858.8 406.596
1776131196313344971 10 0 3 1820.86 408.295
1776131196313344971 9 2 0 564.52 437.141
1776131196313344971 9 2 1 603.911 437.553
1776131196313344971 9 2 2 604.194 396.198
1776131196313344971 9 2 3 564.442 395.629
1776131196480134766 10 0 0 1822.16 443.717
1776131196480134766 10 0 1 1860.24 441.669
1776131196480134766 10 0 2 1858.77 406.46
1776131196480134766 10 0 3 1821.12 408.301
1776131196480134766 9 2 0 564.517 437.029
1776131196480134766 9 2 1 603.793 437.564
1776131196480134766 9 2 2 604.079 396.247
1776131196480134766 9 2 3 564.558 395.554
1776131196513492920 10 0 0 1822.3 443.642
1776131196513492920 10 0 1 1860.1 441.845
1776131196513492920 10 0 2 1858.94 406.657
1776131196513492920 10 0 3 1821.2 408.184
1776131196513492920 9 2 0 564.417 437.09
1776131196513492920 9 2 1 603.951 437.668
1776131196513492920 9 2 2 604.092 396.16
1776131196513492920 9 2 3 564.478 395.675
1776131196613566895 10 0 0 1822.22 443.705
1776131196613566895 10 0 1 1860.19 441.882
1776131196613566895 10 0 2 1859.19 406.651
1776131196613566895 10 0 3 1821.09 408.373
1776131196613566895 9 2 0 564.507 436.997
1776131196613566895 9 2 1 603.778 437.593
1776131196613566895 9 2 2 604.214 396.243
1776131196613566895 9 2 3 564.56 395.645
1776131196746999268 10 0 0 1822.2 443.47
1776131196746999268 10 0 1 1859.91 441.663
1776131196746999268 10 0 2 1859.33 406.739
1776131196746999268 10 0 3 1821.13 408.115
1776131196746999268 9 2 0 564.512 437.162
1776131196746999268 9 2 1 603.809 437.555
1776131196746999268 9 2 2 604.185 396.265
1776131196746999268 9 2 3 564.425 395.614
1776131196880431885 10 0 0 1822.27 443.752
1776131196880431885 10 0 1 1860.26 441.369
1776131196880431885 10 0 2 1858.8 406.573
1776131196880431885 10 0 3 1820.97 408.368
1776131196880431885 9 2 0 564.422 437.165
1776131196880431885 9 2 1 603.904 437.521
1776131196880431885 9 2 2 604.073 396.267
1776131196880431885 9 2 3 564.391 395.539
1776131197047220215 10 0 0 1822.48 443.613
1776131197047220215 10 0 1 1860.08 441.83
1776131197047220215 10 0 2 1859.24 406.516
1776131197047220215 10 0 3 1820.93 408.157
1776131197047220215 9 2 0 564.554 437.169
1776131197047220215 9 2 1 603.812 437.507
1776131197047220215 9 2 2 604.205 396.145
1776131197047220215 9 2 3 564.396 395.607
1776131197314074951 10 0 0 1822.01 443.656
1776131197314074951 10 0 1 1859.92 441.881
1776131197314074951 10 0 2 1859.39 406.637
1776131197314074951 10 0 3 1821.29 408.41
1776131197314074951 9 2 0 564.626 437.052
1776131197314074951 9 2 1 603.877 437.569
1776131197314074951 9 2 2 604.14 396.309
1776131197314074951 9 2 3 564.398 395.591
1776131197447502441 10 0 0 1822.3 443.586
1776131197447502441 10 0 1 1860.03 441.955
1776131197447502441 10 0 2 1858.88 406.364
1776131197447502441 10 0 3 1820.8 408.389
1776131197447502441 9 2 0 564.579 437.191
1776131197447502441 9 2 1 603.993 437.589
1776131197447502441 9 2 2 603.997 396.223
1776131197447502441 9 2 3 564.465 395.714
1776131197480859375 10 0 0 1822.28 443.442
1776131197480859375 10 0 1 1860.38 441.863
1776131197480859375 10 0 2 1858.87 406.583
1776131197480859375 10 0 3 1821.31 408.313
1776131197480859375 9 2 0 564.526 436.977
1776131197480859375 9 2 1 603.701 437.634
1776131197480859375 9 2 2 604.258 396.265
1776131197480859375 9 2 3 564.541 395.604
1776131197614286865 10 0 0 1822 443.437
1776131197614286865 10 0 1 1860.18 441.854
1776131197614286865 10 0 2 1858.91 406.418
1776131197614286865 10 0 3 1821.17 408.341
1776131197614286865 9 2 0 564.546 437.169
1776131197614286865 9 2 1 603.803 437.601
1776131197614286865 9 2 2 604.196 396.282
1776131197614286865 9 2 3 564.349 395.621
1776131197847784912 10 0 0 1822.37 443.477
1776131197847784912 10 0 1 1860.33 441.756
1776131197847784912 10 0 2 1858.84 406.575
1776131197847784912 10 0 3 1821.12 408.229
1776131197847784912 9 2 0 564.628 436.947
1776131197847784912 9 2 1 603.847 437.583
1776131197847784912 9 2 2 603.966 396.281
1776131197847784912 9 2 3 564.37 395.619
1776131198014568359 10 0 0 1822.39 443.518
1776131198014568359 10 0 1 1860.02 441.768
1776131198014568359 10 0 2 1859.21 406.629
1776131198014568359 10 0 3 1821.13 408.298
1776131198014568359 9 2 0 564.57 437.07
1776131198014568359 9 2 1 603.94 437.675
1776131198014568359 9 2 2 603.977 396.165
1776131198014568359 9 2 3 564.42 395.593
1776131198481550293 10 0 0 1822.34 443.475
1776131198481550293 10 0 1 1860.41 441.829
1776131198481550293 10 0 2 1858.97 406.76
1776131198481550293 10 0 3 1821.19 407.968
1776131198481550293 9 2 0 564.456 437.169
1776131198481550293 9 2 1 603.932 437.446
1776131198481550293 9 2 2 604.113 396.423
1776131198481550293 9 2 3 564.444 395.458
1776131198581617676 10 0 0 1822.35 443.77
1776131198581617676 10 0 1 1860.2 441.663
1776131198581617676 10 0 2 1859.06 406.811
1776131198581617676 10 0 3 1821.19 408.207
1776131198581617676 9 2 0 564.615 437.153
1776131198581617676 9 2 1 603.883 437.459
1776131198581617676 9 2 2 604.021 396.318
1776131198581617676 9 2 3 564.474 395.576
1776131198748396729 10 0 0 1822.13 443.749
1776131198748396729 10 0 1 1860.2 441.698
1776131198748396729 10 0 2 1858.9 406.661
1776131198748396729 10 0 3 1821.12 408.361
1776131198748396729 9 2 0 564.487 437.101
1776131198748396729 9 2 1 603.977 437.67
1776131198748396729 9 2 2 604.089 396.21
1776131198748396729 9 2 3 564.492 395.673
1776131198781752441 10 0 0 1822.31 443.566
1776131198781752441 10 0 1 1860.34 441.785
1776131198781752441 10 0 2 1859.09 406.606
1776131198781752441 10 0 3 1820.95 408.235
1776131198781752441 9 2 0 564.452 437.023
1776131198781752441 9 2 1 603.869 437.662
1776131198781752441 9 2 2 604.059 396.186
1776131198781752441 9 2 3 564.524 395.691
1776131198981886963 10 0 0 1822.11 443.571
1776131198981886963 10 0 1 1860.27 442.116
1776131198981886963 10 0 2 1858.98 406.751
1776131198981886963 10 0 3 1821.26 408.296
1776131198981886963 9 2 0 564.511 437.175
1776131198981886963 9 2 1 603.863 437.549
1776131198981886963 9 2 2 604.173 396.144
1776131198981886963 9 2 3 564.591 395.612
1776131199148668945 10 0 0 1822.26 443.578
1776131199148668945 10 0 1 1860.18 441.891
1776131199148668945 10 0 2 1859 406.388
1776131199148668945 10 0 3 1821.05 408.406
1776131199148668945 9 2 0 564.579 437.042
1776131199148668945 9 2 1 603.878 437.629
1776131199148668945 9 2 2 604.038 396.219
1776131199148668945 9 2 3 564.219 395.667
1776131199182025146 10 0 0 1822.43 443.578
1776131199182025146 10 0 1 1860.13 442.025
1776131199182025146 10 0 2 1858.88 406.659
1776131199182025146 10 0 3 1820.87 408.303
1776131199182025146 9 2 0 564.659 437.034
1776131199182025146 9 2 1 603.917 437.523
1776131199182025146 9 2 2 604.13 396.292
1776131199182025146 9 2 3 564.461 395.631
1776131199282094482 10 0 0 1822.57 443.837
1776131199282094482 10 0 1 1860.26 441.705
1776131199282094482 10 0 2 1858.86 406.453
1776131199282094482 10 0 3 1820.94 408.428
1776131199282094482 9 2 0 564.577 436.983
1776131199282094482 9 2 1 603.804 437.659
1776131199282094482 9 2 2 604.208 396.277
1776131199282094482 9 2 3 564.427 395.62
1776131199548945557 10 0 0 1822.43 443.673
1776131199548945557 10 0 1 1860.14 441.678
1776131199548945557 10 0 2 1858.96 406.903
1776131199548945557 10 0 3 1820.99 408.124
1776131199548945557 9 2 0 564.617 437.11
1776131199548945557 9 2 1 603.825 437.614
1776131199548945557 9 2 2 604.077 396.301
1776131199548945557 9 2 3 564.332 395.679
1776131199682371094 10 0 0 1822.23 443.603
1776131199682371094 10 0 1 1860.23 441.878
1776131199682371094 10 0 2 1858.92 406.55
1776131199682371094 10 0 3 1821.03 408.324
1776131199682371094 9 2 0 564.507 437.045
1776131199682371094 9 2 1 603.723 437.637
1776131199682371094 9 2 2 604.228 396.222
1776131199682371094 9 2 3 564.473 395.616
1776131199849153320 10 0 0 1822.29 443.729
1776131199849153320 10 0 1 1860.28 441.812
1776131199849153320 10 0 2 1859.28 406.795
1776131199849153320 10 0 3 1820.9 408.103
1776131199849153320 9 2 0 564.434 437.094
1776131199849153320 9 2 1 604.056 437.619
1776131199849153320 9 2 2 604.031 396.208
1776131199849153320 9 2 3 564.412 395.738
1776131200015936035 10 0 0 1822.36 443.631
1776131200015936035 10 0 1 1860.12 441.653
1776131200015936035 10 0 2 1859 406.726
1776131200015936035 10 0 3 1821.11 408.283
1776131200015936035 9 2 0 564.51 437.093
1776131200015936035 9 2 1 603.894 437.628
1776131200015936035 9 2 2 604.063 396.174
1776131200015936035 9 2 3 564.459 395.798
1776131200149364258 10 0 0 1822.26 443.597
1776131200149364258 10 0 1 1860.33 441.92
1776131200149364258 10 0 2 1859 406.843
1776131200149364258 10 0 3 1820.84 408.374
1776131200149364258 9 2 0 564.533 437.177
1776131200149364258 9 2 1 603.918 437.579
1776131200149364258 9 2 2 604.157 396.163
1776131200149364258 9 2 3 564.378 395.627
1776131200182721191 10 0 0 1822.26 443.465
1776131200182721191 10 0 1 1860.08 441.869
1776131200182721191 10 0 2 1859.04 406.564
1776131200182721191 10 0 3 1821.01 408.244
1776131200182721191 9 2 0 564.356 437.089
1776131200182721191 9 2 1 603.858 437.557
1776131200182721191 9 2 2 604.244 396.091
1776131200182721191 9 2 3 564.456 395.752
1776131200282792236 10 0 0 1821.96 443.611
1776131200282792236 10 0 1 1860.25 441.929
1776131200282792236 10 0 2 1858.69 406.571
1776131200282792236 10 0 3 1821.16 408.383
1776131200282792236 9 2 0 564.423 437.258
1776131200282792236 9 2 1 603.886 437.472
1776131200282792236 9 2 2 604.11 396.184
1776131200282792236 9 2 3 564.604 395.783
1776131200416220459 10 0 0 1821.92 443.696
1776131200416220459 10 0 1 1860.25 441.867
1776131200416220459 10 0 2 1859.03 406.723
1776131200416220459 10 0 3 1821.22 408.215
1776131200416220459 9 2 0 564.552 437.095
1776131200416220459 9 2 1 603.814 437.667
1776131200416220459 9 2 2 604.069 396.226
1776131200416220459 9 2 3 564.391 395.632
1776131200583005859 10 0 0 1822.23 443.479
1776131200583005859 10 0 1 1860.04 442.049
1776131200583005859 10 0 2 1858.96 406.678
1776131200583005859 10 0 3 1820.96 408.185
1776131200583005859 9 2 0 564.495 437.219
1776131200583005859 9 2 1 603.775 437.593
1776131200583005859 9 2 2 604.154 396.201
1776131200583005859 9 2 3 564.363 395.759
1776131200816505615 10 0 0 1822.22 443.251
1776131200816505615 10 0 1 1860.18 441.985
1776131200816505615 10 0 2 1858.95 406.632
1776131200816505615 10 0 3 1821.11 408.064
1776131200816505615 9 2 0 564.442 437.295
1776131200816505615 9 2 1 603.941 437.528
1776131200816505615 9 2 2 604.084 396.274
1776131200816505615 9 2 3 564.419 395.616
1776131200983291016 10 0 0 1822.1 443.584
1776131200983291016 10 0 1 1860.32 441.885
1776131200983291016 10 0 2 1858.91 406.545
1776131200983291016 10 0 3 1821.31 408.3
1776131200983291016 9 2 0 564.497 437.07
1776131200983291016 9 2 1 603.907 437.532
1776131200983291016 9 2 2 604.011 396.455
1776131200983291016 9 2 3 564.446 395.492
1776131201016646973 10 0 0 1822.01 443.606
1776131201016646973 10 0 1 1860.38 441.771
1776131201016646973 10 0 2 1858.71 406.537
1776131201016646973 10 0 3 1821.19 408.262
1776131201016646973 9 2 0 564.492 437.073
1776131201016646973 9 2 1 603.925 437.603
1776131201016646973 9 2 2 604.137 396.242
1776131201016646973 9 2 3 564.409 395.641
1776131201150070557 10 0 0 1822.42 443.577
1776131201150070557 10 0 1 1860.06 441.737
1776131201150070557 10 0 2 1859 406.464
1776131201150070557 10 0 3 1820.92 408.199
1776131201150070557 9 2 0 564.5 437.2
1776131201150070557 9 2 1 603.81 437.601
1776131201150070557 9 2 2 604.093 396.228
1776131201150070557 9 2 3 564.439 395.696
1776131201383561279 10 0 0 1822.09 443.779
1776131201383561279 10 0 1 1860.17 441.849
1776131201383561279 10 0 2 1859.05 406.841
1776131201383561279 10 0 3 1821.1 408.151
1776131201383561279 9 2 0 564.418 437.219
1776131201383561279 9 2 1 603.927 437.546
1776131201383561279 9 2 2 603.983 396.215
1776131201383561279 9 2 3 564.494 395.638
1776131201550340332 10 0 0 1822.72 443.577
1776131201550340332 10 0 1 1860.08 441.665
1776131201550340332 10 0 2 1859.2 406.908
1776131201550340332 10 0 3 1820.78 407.993
1776131201550340332 9 2 0 564.505 437.127
1776131201550340332 9 2 1 603.724 437.625
1776131201550340332 9 2 2 604.17 396.236
1776131201550340332 9 2 3 564.494 395.754
1776131201583696289 10 0 0 1822.11 443.599
1776131201583696289 10 0 1 1860.26 441.943
1776131201583696289 10 0 2 1859.04 406.545
1776131201583696289 10 0 3 1820.97 408.266
1776131201583696289 9 2 0 564.409 437.213
1776131201583696289 9 2 1 603.897 437.571
1776131201583696289 9 2 2 604.055 396.186
1776131201583696289 9 2 3 564.597 395.815
1776131201717119385 10 0 0 1822.13 443.663
1776131201717119385 10 0 1 1860.45 441.718
1776131201717119385 10 0 2 1858.87 406.876
1776131201717119385 10 0 3 1820.88 408.256
1776131201717119385 9 2 0 564.552 437.064
1776131201717119385 9 2 1 603.866 437.618
1776131201717119385 9 2 2 604.089 396.166
1776131201717119385 9 2 3 564.342 395.677
1776131201983965332 10 0 0 1822.56 443.401
1776131201983965332 10 0 1 1860.28 441.914
1776131201983965332 10 0 2 1858.98 406.756
1776131201983965332 10 0 3 1820.9 408.066
1776131201983965332 9 2 0 564.502 436.973
1776131201983965332 9 2 1 603.865 437.604
1776131201983965332 9 2 2 603.992 396.155
1776131201983965332 9 2 3 564.411 395.693
1776131202117389160 10 0 0 1822.35 443.479
1776131202117389160 10 0 1 1860.23 442.022
1776131202117389160 10 0 2 1859.1 406.559
1776131202117389160 10 0 3 1821.16 408.476
1776131202117389160 9 2 0 564.598 437.055
1776131202117389160 9 2 1 603.916 437.679
1776131202117389160 9 2 2 604.086 396.267
1776131202117389160 9 2 3 564.408 395.697
1776131202150745361 10 0 0 1822.46 443.426
1776131202150745361 10 0 1 1860.13 441.835
1776131202150745361 10 0 2 1859.1 406.675
1776131202150745361 10 0 3 1821.13 408.318
1776131202150745361 9 2 0 564.429 437.191
1776131202150745361 9 2 1 603.652 437.475
1776131202150745361 9 2 2 604.201 396.24
1776131202150745361 9 2 3 564.404 395.636
1776131202284169189 10 0 0 1822.28 443.551
1776131202284169189 10 0 1 1860.19 441.713
1776131202284169189 10 0 2 1858.93 406.852
1776131202284169189 10 0 3 1820.94 408.246
1776131202284169189 9 2 0 564.459 437.161
1776131202284169189 9 2 1 603.709 437.623
1776131202284169189 9 2 2 604.103 396.083
1776131202284169189 9 2 3 564.363 395.744
1776131202517660645 10 0 0 1822.27 443.747
1776131202517660645 10 0 1 1860.11 441.691
1776131202517660645 10 0 2 1858.81 406.857
1776131202517660645 10 0 3 1821.17 408.175
1776131202517660645 9 2 0 564.574 436.986
1776131202517660645 9 2 1 603.928 437.617
1776131202517660645 9 2 2 604.123 396.259
1776131202517660645 9 2 3 564.362 395.652
1776131202684440186 10 0 0 1822.06 443.709
1776131202684440186 10 0 1 1860.19 441.797
1776131202684440186 10 0 2 1858.82 406.535
1776131202684440186 10 0 3 1821.32 408.338
1776131202684440186 9 2 0 564.593 436.949
1776131202684440186 9 2 1 603.764 437.597
1776131202684440186 9 2 2 604.32 396.261
1776131202684440186 9 2 3 564.443 395.635
1776131202817863770 10 0 0 1822.14 443.502
1776131202817863770 10 0 1 1860.23 442.014
1776131202817863770 10 0 2 1858.83 406.575
1776131202817863770 10 0 3 1821.05 408.132
1776131202817863770 9 2 0 564.398 436.993
1776131202817863770 9 2 1 603.803 437.716
1776131202817863770 9 2 2 604.066 396.188
1776131202817863770 9 2 3 564.399 395.674
1776131202851219482 10 0 0 1822.25 443.464
1776131202851219482 10 0 1 1860.34 441.927
1776131202851219482 10 0 2 1858.95 406.686
1776131202851219482 10 0 3 1821.15 408.344
1776131202851219482 9 2 0 564.61 437.124
1776131202851219482 9 2 1 603.695 437.574
1776131202851219482 9 2 2 604.224 396.271
1776131202851219482 9 2 3 564.419 395.68
1776131202951287109 10 0 0 1822.51 443.764
1776131202951287109 10 0 1 1859.99 441.889
1776131202951287109 10 0 2 1859.11 406.661
1776131202951287109 10 0 3 1821.03 408.307
1776131202951287109 9 2 0 564.576 437.005
1776131202951287109 9 2 1 603.718 437.638
1776131202951287109 9 2 2 604.174 396.026
1776131202951287109 9 2 3 564.356 395.814
1776131203084713135 10 0 0 1822.34 443.402
1776131203084713135 10 0 1 1860.4 442.055
1776131203084713135 10 0 2 1858.78 406.53
1776131203084713135 10 0 3 1820.89 408.503
1776131203084713135 9 2 0 564.519 437.057
1776131203084713135 9 2 1 603.947 437.68
1776131203084713135 9 2 2 603.902 396.271
1776131203084713135 9 2 3 564.553 395.586
1776131203251496582 10 0 0 1822.54 443.608
1776131203251496582 10 0 1 1859.98 441.823
1776131203251496582 10 0 2 1859.3 406.408
1776131203251496582 10 0 3 1820.95 408.282
1776131203251496582 9 2 0 564.483 437.001
1776131203251496582 9 2 1 603.894 437.568
1776131203251496582 9 2 2 604.175 396.254
1776131203251496582 9 2 3 564.492 395.662
1776131203484993652 10 0 0 1822.21 443.605
1776131203484993652 10 0 1 1860.07 441.617
1776131203484993652 10 0 2 1859.04 406.537
1776131203484993652 10 0 3 1821.2 408.242
1776131203484993652 9 2 0 564.4 437.144
1776131203484993652 9 2 1 603.74 437.583
1776131203484993652 9 2 2 604.026 396.348
1776131203484993652 9 2 3 564.5 395.611
1776131203651777100 10 0 0 1822.45 443.592
1776131203651777100 10 0 1 1860.17 442.003
1776131203651777100 10 0 2 1858.89 406.662
1776131203651777100 10 0 3 1821.02 408.265
1776131203651777100 9 2 0 564.501 437.061
1776131203651777100 9 2 1 603.975 437.678
1776131203651777100 9 2 2 604.138 396.21
1776131203651777100 9 2 3 564.471 395.727
1776131203785204102 10 0 0 1822.12 443.563
1776131203785204102 10 0 1 1860.08 441.83
1776131203785204102 10 0 2 1859.04 406.811
1776131203785204102 10 0 3 1821.26 408.159
1776131203785204102 9 2 0 564.49 436.883
1776131203785204102 9 2 1 603.79 437.723
1776131203785204102 9 2 2 604.181 396.238
1776131203785204102 9 2 3 564.326 395.687
1776131203951987549 10 0 0 1822.17 443.521
1776131203951987549 10 0 1 1859.95 441.863
1776131203951987549 10 0 2 1859.13 406.656
1776131203951987549 10 0 3 1820.94 408.296
1776131203951987549 9 2 0 564.492 437.106
1776131203951987549 9 2 1 603.922 437.518
1776131203951987549 9 2 2 604.05 396.291
1776131203951987549 9 2 3 564.554 395.461
1776131204052056396 10 0 0 1822.24 443.714
1776131204052056396 10 0 1 1860.44 441.863
1776131204052056396 10 0 2 1858.81 406.675
1776131204052056396 10 0 3 1821.09 408.196
1776131204052056396 9 2 0 564.638 437.051
1776131204052056396 9 2 1 603.737 437.689
1776131204052056396 9 2 2 604.056 396.226
1776131204052056396 9 2 3 564.367 395.723
1776131204218836914 10 0 0 1822.24 443.584
1776131204218836914 10 0 1 1859.91 441.926
1776131204218836914 10 0 2 1859.35 406.674
1776131204218836914 10 0 3 1821.13 408.249
1776131204218836914 9 2 0 564.446 437.029
1776131204218836914 9 2 1 603.899 437.587
1776131204218836914 9 2 2 604.042 396.257
1776131204218836914 9 2 3 564.331 395.75
1776131204352261230 10 0 0 1822.6 443.693
1776131204352261230 10 0 1 1860.05 441.821
1776131204352261230 10 0 2 1858.97 406.747
1776131204352261230 10 0 3 1820.81 408.217
1776131204352261230 9 2 0 564.384 437.06
1776131204352261230 9 2 1 603.884 437.67
1776131204352261230 9 2 2 604.03 396.145
1776131204352261230 9 2 3 564.565 395.798
1776131204519041748 10 0 0 1822.38 443.575
1776131204519041748 10 0 1 1859.88 441.854
1776131204519041748 10 0 2 1859.03 406.705
1776131204519041748 10 0 3 1821.08 408.319
1776131204519041748 9 2 0 564.447 437.219
1776131204519041748 9 2 1 603.903 437.591
1776131204519041748 9 2 2 604.008 396.169
1776131204519041748 9 2 3 564.443 395.787
1776131204552397949 10 0 0 1822.17 443.663
1776131204552397949 10 0 1 1860.23 441.634
1776131204552397949 10 0 2 1858.77 406.443
1776131204552397949 10 0 3 1821.28 408.399
1776131204552397949 9 2 0 564.459 436.994
1776131204552397949 9 2 1 603.704 437.685
1776131204552397949 9 2 2 604.197 396.267
1776131204552397949 9 2 3 564.555 395.669
1776131204652466064 10 0 0 1822.32 443.361
1776131204652466064 10 0 1 1860.19 441.879
1776131204652466064 10 0 2 1858.97 406.628
1776131204652466064 10 0 3 1821.11 408.273
1776131204652466064 9 2 0 564.519 437.094
1776131204652466064 9 2 1 603.864 437.553
1776131204652466064 9 2 2 604.114 396.177
1776131204652466064 9 2 3 564.364 395.802
1776131204819246582 10 0 0 1822.35 443.614
1776131204819246582 10 0 1 1860.21 441.787
1776131204819246582 10 0 2 1859.11 406.603
1776131204819246582 10 0 3 1821.04 408.383
1776131204819246582 9 2 0 564.487 436.986
1776131204819246582 9 2 1 603.904 437.747
1776131204819246582 9 2 2 604.024 396.234
1776131204819246582 9 2 3 564.323 395.747
1776131205052739502 10 0 0 1822.19 443.588
1776131205052739502 10 0 1 1859.98 441.946
1776131205052739502 10 0 2 1859.14 406.866
1776131205052739502 10 0 3 1821.13 408.18
1776131205052739502 9 2 0 564.67 437.155
1776131205052739502 9 2 1 603.878 437.472
1776131205052739502 9 2 2 604.077 396.262
1776131205052739502 9 2 3 564.436 395.675
1776131205252876709 10 0 0 1822.11 443.506
1776131205252876709 10 0 1 1860.24 441.838
1776131205252876709 10 0 2 1858.87 406.543
1776131205252876709 10 0 3 1821.08 408.25
1776131205252876709 9 2 0 564.403 437.104
1776131205252876709 9 2 1 603.945 437.641
1776131205252876709 9 2 2 604.032 396.132
1776131205252876709 9 2 3 564.436 395.786
1776131205286232910 10 0 0 1822.3 443.675
1776131205286232910 10 0 1 1860.33 441.574
1776131205286232910 10 0 2 1858.96 406.697
1776131205286232910 10 0 3 1820.84 408.252
1776131205286232910 9 2 0 564.43 437.091
1776131205286232910 9 2 1 603.827 437.597
1776131205286232910 9 2 2 604.055 396.173
1776131205286232910 9 2 3 564.36 395.768
1776131205386301514 10 0 0 1822.24 443.606
1776131205386301514 10 0 1 1859.97 441.875
1776131205386301514 10 0 2 1859.09 406.896
1776131205386301514 10 0 3 1821.32 408.199
1776131205386301514 9 2 0 564.623 437.169
1776131205386301514 9 2 1 603.972 437.605
1776131205386301514 9 2 2 604.064 396.224
1776131205386301514 9 2 3 564.352 395.693
1776131205553082764 10 0 0 1821.94 443.635
1776131205553082764 10 0 1 1859.93 441.963
1776131205553082764 10 0 2 1859.21 406.742
1776131205553082764 10 0 3 1821.26 408.212
1776131205553082764 9 2 0 564.499 437.063
1776131205553082764 9 2 1 603.881 437.616
1776131205553082764 9 2 2 604.154 396.154
1776131205553082764 9 2 3 564.442 395.696
1776131205786576172 10 0 0 1822.31 443.453
1776131205786576172 10 0 1 1860.5 441.827
1776131205786576172 10 0 2 1858.85 406.74
1776131205786576172 10 0 3 1821.1 408.079
1776131205786576172 9 2 0 564.446 437.092
1776131205786576172 9 2 1 603.847 437.672
1776131205786576172 9 2 2 604.091 396.23
1776131205786576172 9 2 3 564.412 395.586
1776131205953357422 10 0 0 1822.33 443.707
1776131205953357422 10 0 1 1860.07 441.614
1776131205953357422 10 0 2 1859.17 406.931
1776131205953357422 10 0 3 1820.9 408.091
1776131205953357422 9 2 0 564.578 437.041
1776131205953357422 9 2 1 603.826 437.709
1776131205953357422 9 2 2 604.175 396.329
1776131205953357422 9 2 3 564.371 395.643
1776131205986713623 10 0 0 1822.24 443.829
1776131205986713623 10 0 1 1860.39 441.785
1776131205986713623 10 0 2 1859.08 406.593
1776131205986713623 10 0 3 1821.32 408.414
1776131205986713623 9 2 0 564.545 437.124
1776131205986713623 9 2 1 603.995 437.618
1776131205986713623 9 2 2 604.01 396.257
1776131205986713623 9 2 3 564.334 395.623
1776131206086786377 10 0 0 1822.33 443.581
1776131206086786377 10 0 1 1860.34 441.923
1776131206086786377 10 0 2 1859.16 406.67
1776131206086786377 10 0 3 1821.01 408.507
1776131206086786377 9 2 0 564.36 437.053
1776131206086786377 9 2 1 603.82 437.652
1776131206086786377 9 2 2 603.964 396.242
1776131206086786377 9 2 3 564.462 395.654
1776131206253574219 10 0 0 1822.34 443.236
1776131206253574219 10 0 1 1860.24 442.123
1776131206253574219 10 0 2 1858.85 406.671
1776131206253574219 10 0 3 1820.96 408.333
1776131206253574219 9 2 0 564.554 436.9
1776131206253574219 9 2 1 603.733 437.624
1776131206253574219 9 2 2 604.25 396.418
1776131206253574219 9 2 3 564.402 395.717
1776131206520435547 10 0 0 1822.34 443.694
1776131206520435547 10 0 1 1860.06 441.602
1776131206520435547 10 0 2 1858.87 406.701
1776131206520435547 10 0 3 1820.79 408.123
1776131206520435547 9 2 0 564.415 437.237
1776131206520435547 9 2 1 603.859 437.468
1776131206520435547 9 2 2 604.177 396.197
1776131206520435547 9 2 3 564.394 395.711
1776131206687224365 10 0 0 1822.26 443.983
1776131206687224365 10 0 1 1860.39 441.665
1776131206687224365 10 0 2 1858.86 406.521
1776131206687224365 10 0 3 1821.14 408.328
1776131206687224365 9 2 0 564.438 437.21
1776131206687224365 9 2 1 603.923 437.559
1776131206687224365 9 2 2 604.039 396.417
1776131206687224365 9 2 3 564.302 395.624
1776131206787297607 10 0 0 1822.2 443.71
1776131206787297607 10 0 1 1860.05 441.773
1776131206787297607 10 0 2 1858.92 406.668
1776131206787297607 10 0 3 1821.11 408.336
1776131206787297607 9 2 0 564.529 437.203
1776131206787297607 9 2 1 603.924 437.642
1776131206787297607 9 2 2 604.125 396.226
1776131206787297607 9 2 3 564.404 395.658
1776131206954086914 10 0 0 1822.33 443.656
1776131206954086914 10 0 1 1860.55 441.832
1776131206954086914 10 0 2 1858.86 406.509
1776131206954086914 10 0 3 1821.07 408.103
1776131206954086914 9 2 0 564.595 437.071
1776131206954086914 9 2 1 603.912 437.638
1776131206954086914 9 2 2 604.134 396.282
1776131206954086914 9 2 3 564.356 395.608
1776131206987444580 10 0 0 1822.29 443.702
1776131206987444580 10 0 1 1860.74 441.598
1776131206987444580 10 0 2 1858.6 406.668
1776131206987444580 10 0 3 1820.9 408.463
1776131206987444580 9 2 0 564.564 437.082
1776131206987444580 9 2 1 603.886 437.628
1776131206987444580 9 2 2 604.129 396.115
1776131206987444580 9 2 3 564.416 395.748
1776131207087511963 10 0 0 1822.35 443.557
1776131207087511963 10 0 1 1860.27 441.967
1776131207087511963 10 0 2 1859.07 406.704
1776131207087511963 10 0 3 1821.02 408.303
1776131207087511963 9 2 0 564.51 437.089
1776131207087511963 9 2 1 603.971 437.742
1776131207087511963 9 2 2 604.152 396.23
1776131207087511963 9 2 3 564.514 395.695
1776131207254290771 10 0 0 1822.24 443.742
1776131207254290771 10 0 1 1860.4 441.754
1776131207254290771 10 0 2 1858.82 406.644
1776131207254290771 10 0 3 1821.02 408.238
1776131207254290771 9 2 0 564.499 437.126
1776131207254290771 9 2 1 603.729 437.583
1776131207254290771 9 2 2 604.178 396.269
1776131207254290771 9 2 3 564.346 395.673
1776131207487781006 10 0 0 1822.44 443.661
1776131207487781006 10 0 1 1860.29 441.765
1776131207487781006 10 0 2 1858.56 406.829
1776131207487781006 10 0 3 1820.97 408.286
1776131207487781006 9 2 0 564.523 436.982
1776131207487781006 9 2 1 603.874 437.696
1776131207487781006 9 2 2 604.151 396.257
1776131207487781006 9 2 3 564.356 395.707
1776131207687915039 10 0 0 1822.3 443.623
1776131207687915039 10 0 1 1860.19 441.898
1776131207687915039 10 0 2 1859.07 406.65
1776131207687915039 10 0 3 1820.96 408.325
1776131207687915039 9 2 0 564.551 437.092
1776131207687915039 9 2 1 603.838 437.563
1776131207687915039 9 2 2 604.107 396.134
1776131207687915039 9 2 3 564.345 395.726
1776131207821337646 10 0 0 1822.22 443.337
1776131207821337646 10 0 1 1860.34 442.033
1776131207821337646 10 0 2 1859.08 406.713
1776131207821337646 10 0 3 1821.13 408.254
1776131207821337646 9 2 0 564.447 437.222
1776131207821337646 9 2 1 603.827 437.561
1776131207821337646 9 2 2 604.065 396.235
1776131207821337646 9 2 3 564.344 395.707
1776131207854693359 10 0 0 1822.34 443.713
1776131207854693359 10 0 1 1860.43 441.673
1776131207854693359 10 0 2 1859.05 406.577
1776131207854693359 10 0 3 1821.05 408.485
1776131207854693359 9 2 0 564.53 437.107
1776131207854693359 9 2 1 603.88 437.699
1776131207854693359 9 2 2 604.115 396.321
1776131207854693359 9 2 3 564.25 395.713
1776131208088183838 10 0 0 1822.38 443.662
1776131208088183838 10 0 1 1860.1 441.888
1776131208088183838 10 0 2 1859.08 406.555
1776131208088183838 10 0 3 1821.11 408.406
1776131208088183838 9 2 0 564.502 437.082
1776131208088183838 9 2 1 603.746 437.581
1776131208088183838 9 2 2 604.117 396.215
1776131208088183838 9 2 3 564.292 395.758
1776131208254963379 10 0 0 1822.33 443.611
1776131208254963379 10 0 1 1860.11 442.073
1776131208254963379 10 0 2 1859.03 406.559
1776131208254963379 10 0 3 1820.94 408.024
1776131208254963379 9 2 0 564.441 437.175
1776131208254963379 9 2 1 603.824 437.577
1776131208254963379 9 2 2 604.081 396.261
1776131208254963379 9 2 3 564.447 395.682
1776131208388387207 10 0 0 1822.27 443.758
1776131208388387207 10 0 1 1860.18 441.818
1776131208388387207 10 0 2 1858.85 406.555
1776131208388387207 10 0 3 1820.91 408.306
1776131208388387207 9 2 0 564.466 437.032
1776131208388387207 9 2 1 604.073 437.646
1776131208388387207 9 2 2 603.94 396.205
1776131208388387207 9 2 3 564.372 395.75
1776131208488454834 10 0 0 1822.46 443.441
1776131208488454834 10 0 1 1860.4 441.893
1776131208488454834 10 0 2 1858.62 406.851
1776131208488454834 10 0 3 1820.84 408.123
1776131208488454834 9 2 0 564.627 437.022
1776131208488454834 9 2 1 603.84 437.631
1776131208488454834 9 2 2 604.058 396.215
1776131208488454834 9 2 3 564.195 395.793
1776131208688590088 10 0 0 1822.37 443.568
1776131208688590088 10 0 1 1860.39 442.062
1776131208688590088 10 0 2 1858.82 406.583
1776131208688590088 10 0 3 1820.99 408.111
1776131208688590088 9 2 0 564.386 437.112
1776131208688590088 9 2 1 603.9 437.602
1776131208688590088 9 2 2 604.076 396.312
1776131208688590088 9 2 3 564.461 395.637
1776131208822013428 10 0 0 1822.28 443.945
1776131208822013428 10 0 1 1860.18 441.68
1776131208822013428 10 0 2 1859.33 406.638
1776131208822013428 10 0 3 1821.06 408.103
1776131208822013428 9 2 0 564.627 437.113
1776131208822013428 9 2 1 603.797 437.546
1776131208822013428 9 2 2 604.139 396.274
1776131208822013428 9 2 3 564.348 395.618
1776131208922081055 10 0 0 1822.41 443.693
1776131208922081055 10 0 1 1860.17 441.767
1776131208922081055 10 0 2 1858.99 406.689
1776131208922081055 10 0 3 1821.12 408.234
1776131208922081055 9 2 0 564.527 437.058
1776131208922081055 9 2 1 603.85 437.63
1776131208922081055 9 2 2 604.039 396.206
1776131208922081055 9 2 3 564.285 395.719
1776131209088859863 10 0 0 1822.06 443.633
1776131209088859863 10 0 1 1860.51 441.774
1776131209088859863 10 0 2 1858.89 406.908
1776131209088859863 10 0 3 1821.19 408.311
1776131209088859863 9 2 0 564.367 437.11
1776131209088859863 9 2 1 603.783 437.577
1776131209088859863 9 2 2 604.216 396.15
1776131209088859863 9 2 3 564.451 395.777
1776131209122215576 10 0 0 1822.24 443.677
1776131209122215576 10 0 1 1859.95 441.892
1776131209122215576 10 0 2 1859.2 406.304
1776131209122215576 10 0 3 1821.04 408.664
1776131209122215576 9 2 0 564.544 437.194
1776131209122215576 9 2 1 603.975 437.485
1776131209122215576 9 2 2 603.913 396.153
1776131209122215576 9 2 3 564.479 395.759
1776131209355705322 10 0 0 1822.25 443.634
1776131209355705322 10 0 1 1860.43 442.047
1776131209355705322 10 0 2 1858.68 406.695
1776131209355705322 10 0 3 1821.1 408.228
1776131209355705322 9 2 0 564.414 436.888
1776131209355705322 9 2 1 603.909 437.748
1776131209355705322 9 2 2 604.016 396.1
1776131209355705322 9 2 3 564.571 395.712
1776131209389061035 10 0 0 1822.43 443.57
1776131209389061035 10 0 1 1860.35 441.889
1776131209389061035 10 0 2 1858.95 406.44
1776131209389061035 10 0 3 1820.77 408.51
1776131209389061035 9 2 0 564.525 437.007
1776131209389061035 9 2 1 603.779 437.688
1776131209389061035 9 2 2 604.039 396.347
1776131209389061035 9 2 3 564.367 395.612
1776131209522483643 10 0 0 1822.47 443.495
1776131209522483643 10 0 1 1859.89 441.825
1776131209522483643 10 0 2 1859.21 406.727
1776131209522483643 10 0 3 1821.09 408.085
1776131209522483643 9 2 0 564.387 437.093
1776131209522483643 9 2 1 603.713 437.634
1776131209522483643 9 2 2 604.291 396.198
1776131209522483643 9 2 3 564.465 395.745
1776131209689261719 10 0 0 1822.34 443.774
1776131209689261719 10 0 1 1860.34 441.727
1776131209689261719 10 0 2 1858.77 406.663
1776131209689261719 10 0 3 1821.07 408.251
1776131209689261719 9 2 0 564.553 437.15
1776131209689261719 9 2 1 603.763 437.475
1776131209689261719 9 2 2 603.995 396.237
1776131209689261719 9 2 3 564.347 395.603
1776131209956106445 10 0 0 1822.04 443.769
1776131209956106445 10 0 1 1860.21 441.723
1776131209956106445 10 0 2 1859.4 406.655
1776131209956106445 10 0 3 1821.12 408.292
1776131209956106445 9 2 0 564.613 437.043
1776131209956106445 9 2 1 603.941 437.694
1776131209956106445 9 2 2 604.046 396.264
1776131209956106445 9 2 3 564.465 395.637
1776131210122884521 10 0 0 1822.24 443.655
1776131210122884521 10 0 1 1860.26 441.812
1776131210122884521 10 0 2 1858.92 406.681
1776131210122884521 10 0 3 1821.13 408.265
1776131210122884521 9 2 0 564.422 437.068
1776131210122884521 9 2 1 603.764 437.641
1776131210122884521 9 2 2 604.111 396.227
1776131210122884521 9 2 3 564.464 395.597
1776131210156240234 10 0 0 1821.94 443.723
1776131210156240234 10 0 1 1860.19 441.83
1776131210156240234 10 0 2 1859.13 406.504
1776131210156240234 10 0 3 1821.25 408.118
1776131210156240234 9 2 0 564.439 437.081
1776131210156240234 9 2 1 603.745 437.544
1776131210156240234 9 2 2 604.106 396.175
1776131210156240234 9 2 3 564.404 395.649
1776131210256307129 10 0 0 1822.43 443.497
1776131210256307129 10 0 1 1860.02 441.937
1776131210256307129 10 0 2 1859.12 406.612
1776131210256307129 10 0 3 1820.88 408.22
1776131210256307129 9 2 0 564.575 437.117
1776131210256307129 9 2 1 603.815 437.584
1776131210256307129 9 2 2 604.067 396.3
1776131210256307129 9 2 3 564.44 395.571
1776131210423085205 10 0 0 1821.91 443.538
1776131210423085205 10 0 1 1860.1 441.782
1776131210423085205 10 0 2 1859.29 406.486
1776131210423085205 10 0 3 1821.34 408.461
1776131210423085205 9 2 0 564.336 437.062
1776131210423085205 9 2 1 603.864 437.612
1776131210423085205 9 2 2 604.102 396.269
1776131210423085205 9 2 3 564.554 395.71
1776131210689929443 10 0 0 1822.06 443.826
1776131210689929443 10 0 1 1860.03 441.809
1776131210689929443 10 0 2 1859.07 406.77
1776131210689929443 10 0 3 1821.12 408.183
1776131210689929443 9 2 0 564.539 437.166
1776131210689929443 9 2 1 603.858 437.519
1776131210689929443 9 2 2 604.021 396.203
1776131210689929443 9 2 3 564.228 395.645
1776131210856707031 10 0 0 1822.38 443.836
1776131210856707031 10 0 1 1860.24 441.782
1776131210856707031 10 0 2 1858.89 406.936
1776131210856707031 10 0 3 1821.28 408.033
1776131210856707031 9 2 0 564.484 436.97
1776131210856707031 9 2 1 603.855 437.646
1776131210856707031 9 2 2 604.049 396.304
1776131210856707031 9 2 3 564.388 395.698
1776131210890062500 10 0 0 1822.24 443.532
1776131210890062500 10 0 1 1860.18 441.887
1776131210890062500 10 0 2 1859.15 406.594
1776131210890062500 10 0 3 1820.99 408.332
1776131210890062500 9 2 0 564.499 436.937
1776131210890062500 9 2 1 603.832 437.702
1776131210890062500 9 2 2 604.176 396.285
1776131210890062500 9 2 3 564.318 395.57
1776131210990128906 10 0 0 1822.24 443.779
1776131210990128906 10 0 1 1860.27 441.738
1776131210990128906 10 0 2 1859.11 406.62
1776131210990128906 10 0 3 1821.22 408.159
1776131210990128906 9 2 0 564.357 437.161
1776131210990128906 9 2 1 603.839 437.535
1776131210990128906 9 2 2 604.084 396.251
1776131210990128906 9 2 3 564.575 395.733
1776131211156919189 10 0 0 1822.32 443.646
1776131211156919189 10 0 1 1860.37 441.833
1776131211156919189 10 0 2 1858.82 406.394
1776131211156919189 10 0 3 1820.98 408.239
1776131211156919189 9 2 0 564.593 437.16
1776131211156919189 9 2 1 603.715 437.565
1776131211156919189 9 2 2 604.122 396.162
1776131211156919189 9 2 3 564.516 395.687
1776131211423783936 10 0 0 1822.16 443.658
1776131211423783936 10 0 1 1860.35 441.694
1776131211423783936 10 0 2 1858.98 406.713
1776131211423783936 10 0 3 1821.31 408.384
1776131211423783936 9 2 0 564.521 437.018
1776131211423783936 9 2 1 603.908 437.585
1776131211423783936 9 2 2 604.092 396.201
1776131211423783936 9 2 3 564.613 395.676
1776131211590574707 10 0 0 1822.2 443.707
1776131211590574707 10 0 1 1860.23 441.765
1776131211590574707 10 0 2 1858.92 406.69
1776131211590574707 10 0 3 1821.25 408.161
1776131211590574707 9 2 0 564.555 437.077
1776131211590574707 9 2 1 603.616 437.557
1776131211590574707 9 2 2 604.326 396.173
1776131211590574707 9 2 3 564.482 395.611
1776131211724007568 10 0 0 1822.06 443.749
1776131211724007568 10 0 1 1860.2 441.802
1776131211724007568 10 0 2 1859 406.469
1776131211724007568 10 0 3 1821.14 408.324
1776131211724007568 9 2 0 564.426 437.058
1776131211724007568 9 2 1 603.845 437.606
1776131211724007568 9 2 2 604.13 396.232
1776131211724007568 9 2 3 564.503 395.713
1776131211757365967 10 0 0 1822.14 443.522
1776131211757365967 10 0 1 1860.3 442.077
1776131211757365967 10 0 2 1858.88 406.751
1776131211757365967 10 0 3 1821.1 408.302
1776131211757365967 9 2 0 564.425 437.035
1776131211757365967 9 2 1 603.893 437.699
1776131211757365967 9 2 2 604.088 396.326
1776131211757365967 9 2 3 564.525 395.578
1776131211857440674 10 0 0 1822.03 443.471
1776131211857440674 10 0 1 1860.13 442.096
1776131211857440674 10 0 2 1859.25 406.741
1776131211857440674 10 0 3 1821.33 408.226
1776131211857440674 9 2 0 564.505 437.198
1776131211857440674 9 2 1 603.842 437.48
1776131211857440674 9 2 2 604.121 396.189
1776131211857440674 9 2 3 564.27 395.702
1776131212024231445 10 0 0 1822.3 443.986
1776131212024231445 10 0 1 1860.39 441.565
1776131212024231445 10 0 2 1858.86 406.708
1776131212024231445 10 0 3 1820.89 408.325
1776131212024231445 9 2 0 564.489 436.989
1776131212024231445 9 2 1 603.853 437.654
1776131212024231445 9 2 2 604.094 396.173
1776131212024231445 9 2 3 564.269 395.705
1776131212291093506 10 0 0 1822.24 443.696
1776131212291093506 10 0 1 1860.1 441.79
1776131212291093506 10 0 2 1859.01 406.798
1776131212291093506 10 0 3 1821.24 408.295
1776131212291093506 9 2 0 564.391 437.118
1776131212291093506 9 2 1 603.838 437.668
1776131212291093506 9 2 2 604.064 396.469
1776131212291093506 9 2 3 564.615 395.544
1776131212457882813 10 0 0 1822.58 443.579
1776131212457882813 10 0 1 1860.43 441.85
1776131212457882813 10 0 2 1859.07 406.551
1776131212457882813 10 0 3 1820.77 408.185
1776131212457882813 9 2 0 564.428 437.078
1776131212457882813 9 2 1 603.915 437.633
1776131212457882813 9 2 2 604.007 396.203
1776131212457882813 9 2 3 564.415 395.73
1776131212491240723 10 0 0 1822.21 443.771
1776131212491240723 10 0 1 1860.04 441.792
1776131212491240723 10 0 2 1859.01 406.724
1776131212491240723 10 0 3 1821.28 408.271
1776131212491240723 9 2 0 564.568 437.175
1776131212491240723 9 2 1 603.745 437.609
1776131212491240723 9 2 2 604.156 396.282
1776131212491240723 9 2 3 564.412 395.679
1776131212724746094 10 0 0 1822.17 443.719
1776131212724746094 10 0 1 1860.48 441.78
1776131212724746094 10 0 2 1858.85 406.82
1776131212724746094 10 0 3 1821.04 408.181
1776131212724746094 9 2 0 564.472 436.967
1776131212724746094 9 2 1 603.91 437.736
1776131212724746094 9 2 2 604.039 396.353
1776131212724746094 9 2 3 564.37 395.628
1776131213291817139 10 0 0 1822.68 443.473
1776131213291817139 10 0 1 1860.2 442.07
1776131213291817139 10 0 2 1859.06 406.331
1776131213291817139 10 0 3 1820.87 408.562
1776131213291817139 9 2 0 564.453 437.063
1776131213291817139 9 2 1 603.765 437.692
1776131213291817139 9 2 2 604.277 396.328
1776131213291817139 9 2 3 564.448 395.648
1776131213425242188 10 0 0 1822.27 443.49
1776131213425242188 10 0 1 1860.27 441.887
1776131213425242188 10 0 2 1858.92 406.655
1776131213425242188 10 0 3 1820.91 408.167
1776131213425242188 9 2 0 564.398 437.131
1776131213425242188 9 2 1 603.874 437.65
1776131213425242188 9 2 2 603.947 396.203
1776131213425242188 9 2 3 564.448 395.77
1776131213592023926 10 0 0 1822.1 443.577
1776131213592023926 10 0 1 1860.47 441.689
1776131213592023926 10 0 2 1858.71 406.724
1776131213592023926 10 0 3 1821.2 408.207
1776131213592023926 9 2 0 564.485 437.093
1776131213592023926 9 2 1 603.864 437.53
1776131213592023926 9 2 2 604.146 396.403
1776131213592023926 9 2 3 564.545 395.565
1776131213725449219 10 0 0 1822.08 443.668
1776131213725449219 10 0 1 1860.39 441.965
1776131213725449219 10 0 2 1859.06 406.55
1776131213725449219 10 0 3 1821.16 408.319
1776131213725449219 9 2 0 564.524 436.897
1776131213725449219 9 2 1 603.821 437.653
1776131213725449219 9 2 2 604.025 396.26
1776131213725449219 9 2 3 564.464 395.721
1776131213758805420 10 0 0 1822.31 443.752
1776131213758805420 10 0 1 1860.35 441.762
1776131213758805420 10 0 2 1858.95 406.542
1776131213758805420 10 0 3 1821.04 408.209
1776131213758805420 9 2 0 564.426 437.017
1776131213758805420 9 2 1 603.918 437.719
1776131213758805420 9 2 2 604.051 396.221
1776131213758805420 9 2 3 564.443 395.626
1776131213858874512 10 0 0 1822.48 443.768
1776131213858874512 10 0 1 1860.38 441.63
1776131213858874512 10 0 2 1858.84 406.564
1776131213858874512 10 0 3 1820.97 408.34
1776131213858874512 9 2 0 564.417 437.178
1776131213858874512 9 2 1 603.834 437.537
1776131213858874512 9 2 2 604.038 396.236
1776131213858874512 9 2 3 564.386 395.657
1776131214159079834 10 0 0 1822.25 443.553
1776131214159079834 10 0 1 1860.09 441.823
1776131214159079834 10 0 2 1859.04 406.813
1776131214159079834 10 0 3 1821.14 408.241
1776131214159079834 9 2 0 564.649 437.05
1776131214159079834 9 2 1 603.948 437.617
1776131214159079834 9 2 2 603.964 396.186
1776131214159079834 9 2 3 564.199 395.648
1776131214325859863 10 0 0 1822.6 443.442
1776131214325859863 10 0 1 1860.2 441.799
1776131214325859863 10 0 2 1859 406.48
1776131214325859863 10 0 3 1821.08 408.311
1776131214325859863 9 2 0 564.538 437.147
1776131214325859863 9 2 1 603.926 437.601
1776131214325859863 9 2 2 604.023 396.241
1776131214325859863 9 2 3 564.389 395.572
1776131214359215820 10 0 0 1821.92 443.408
1776131214359215820 10 0 1 1860.19 441.998
1776131214359215820 10 0 2 1858.99 406.561
1776131214359215820 10 0 3 1821.26 408.423
1776131214359215820 9 2 0 564.544 437.112
1776131214359215820 9 2 1 603.781 437.646
1776131214359215820 9 2 2 604.016 396.247
1776131214359215820 9 2 3 564.417 395.732
1776131214459283936 10 0 0 1822.41 443.396
1776131214459283936 10 0 1 1860.24 442.179
1776131214459283936 10 0 2 1858.7 406.652
1776131214459283936 10 0 3 1821.14 408.298
1776131214459283936 9 2 0 564.401 437.205
1776131214459283936 9 2 1 603.829 437.597
1776131214459283936 9 2 2 604.063 396.272
1776131214459283936 9 2 3 564.47 395.571
1776131214626063721 10 0 0 1822.2 443.56
1776131214626063721 10 0 1 1860.25 441.758
1776131214626063721 10 0 2 1858.67 406.882
1776131214626063721 10 0 3 1820.92 408.144
1776131214626063721 9 2 0 564.5 437.187
1776131214626063721 9 2 1 603.713 437.563
1776131214626063721 9 2 2 604.045 396.139
1776131214626063721 9 2 3 564.333 395.674
1776131214859555176 10 0 0 1822.31 443.835
1776131214859555176 10 0 1 1860.19 441.688
1776131214859555176 10 0 2 1859.18 406.488
1776131214859555176 10 0 3 1820.98 408.212
1776131214859555176 9 2 0 564.491 437.079
1776131214859555176 9 2 1 603.76 437.643
1776131214859555176 9 2 2 604.15 396.062
1776131214859555176 9 2 3 564.268 395.733
1776131215026334961 10 0 0 1822.06 443.185
1776131215026334961 10 0 1 1860.2 441.978
1776131215026334961 10 0 2 1859.08 406.723
1776131215026334961 10 0 3 1821.03 408.181
1776131215026334961 9 2 0 564.526 437.123
1776131215026334961 9 2 1 603.808 437.697
1776131215026334961 9 2 2 604.091 396.31
1776131215026334961 9 2 3 564.442 395.559
1776131215193114746 10 0 0 1821.99 443.582
1776131215193114746 10 0 1 1860.24 441.802
1776131215193114746 10 0 2 1858.89 406.816
1776131215193114746 10 0 3 1821.24 408.305
1776131215193114746 9 2 0 564.512 437.066
1776131215193114746 9 2 1 603.938 437.567
1776131215193114746 9 2 2 603.971 396.41
1776131215193114746 9 2 3 564.378 395.535
1776131215226470459 10 0 0 1822.22 443.562
1776131215226470459 10 0 1 1860.22 441.864
1776131215226470459 10 0 2 1858.9 406.656
1776131215226470459 10 0 3 1821.18 408.226
1776131215226470459 9 2 0 564.571 437.109
1776131215226470459 9 2 1 603.877 437.514
1776131215226470459 9 2 2 604.13 396.335
1776131215226470459 9 2 3 564.314 395.552
1776131215326538330 10 0 0 1822.22 443.561
1776131215326538330 10 0 1 1860.23 441.875
1776131215326538330 10 0 2 1858.84 406.825
1776131215326538330 10 0 3 1821.23 408.231
1776131215326538330 9 2 0 564.556 436.996
1776131215326538330 9 2 1 603.917 437.64
1776131215326538330 9 2 2 603.956 396.091
1776131215326538330 9 2 3 564.351 395.736
1776131215493317871 10 0 0 1822 443.618
1776131215493317871 10 0 1 1860.09 442.019
1776131215493317871 10 0 2 1859 406.702
1776131215493317871 10 0 3 1821.27 408.187
1776131215493317871 9 2 0 564.464 437.206
1776131215493317871 9 2 1 603.857 437.56
1776131215493317871 9 2 2 604.05 396.319
1776131215493317871 9 2 3 564.536 395.615
1776131215660097412 10 0 0 1822.26 443.475
1776131215660097412 10 0 1 1860.33 441.899
1776131215660097412 10 0 2 1858.96 406.661
1776131215660097412 10 0 3 1820.96 408.327
1776131215660097412 9 2 0 564.39 437.098
1776131215660097412 9 2 1 603.798 437.567
1776131215660097412 9 2 2 604.067 396.198
1776131215660097412 9 2 3 564.496 395.696
1776131215926944092 10 0 0 1822.05 443.611
1776131215926944092 10 0 1 1860.13 442.036
1776131215926944092 10 0 2 1859.06 406.587
1776131215926944092 10 0 3 1821.32 408.433
1776131215926944092 9 2 0 564.544 437.072
1776131215926944092 9 2 1 603.918 437.64
1776131215926944092 9 2 2 604.236 396.26
1776131215926944092 9 2 3 564.246 395.661
1776131216060368652 10 0 0 1822.21 443.795
1776131216060368652 10 0 1 1860.38 441.744
1776131216060368652 10 0 2 1859.36 406.645
1776131216060368652 10 0 3 1820.99 408.253
1776131216060368652 9 2 0 564.454 437.078
1776131216060368652 9 2 1 603.782 437.669
1776131216060368652 9 2 2 604.176 396.2
1776131216060368652 9 2 3 564.258 395.828
1776131216093725098 10 0 0 1822.62 443.494
1776131216093725098 10 0 1 1860.16 442.058
1776131216093725098 10 0 2 1858.89 406.522
1776131216093725098 10 0 3 1821.04 408.147
1776131216093725098 9 2 0 564.58 437.151
1776131216093725098 9 2 1 603.859 437.608
1776131216093725098 9 2 2 604.047 396.172
1776131216093725098 9 2 3 564.393 395.746
1776131216227150879 10 0 0 1822.45 443.307
1776131216227150879 10 0 1 1860.21 442.023
1776131216227150879 10 0 2 1859.1 406.689
1776131216227150879 10 0 3 1820.63 408.148
1776131216227150879 9 2 0 564.472 437.127
1776131216227150879 9 2 1 603.804 437.595
1776131216227150879 9 2 2 604.12 396.302
1776131216227150879 9 2 3 564.473 395.754
1776131216494002441 10 0 0 1822.37 443.677
1776131216494002441 10 0 1 1860.1 441.644
1776131216494002441 10 0 2 1859.19 406.808
1776131216494002441 10 0 3 1821.01 408.187
1776131216494002441 9 2 0 564.47 437.048
1776131216494002441 9 2 1 603.902 437.663
1776131216494002441 9 2 2 604.02 396.201
1776131216494002441 9 2 3 564.477 395.772
1776131216660784668 10 0 0 1822.28 443.714
1776131216660784668 10 0 1 1860.54 441.746
1776131216660784668 10 0 2 1858.79 406.612
1776131216660784668 10 0 3 1821.16 408.38
1776131216660784668 9 2 0 564.356 437.121
1776131216660784668 9 2 1 603.778 437.577
1776131216660784668 9 2 2 604.137 396.207
1776131216660784668 9 2 3 564.36 395.656
1776131216760854004 10 0 0 1822.3 443.525
1776131216760854004 10 0 1 1860.19 441.838
1776131216760854004 10 0 2 1859.15 406.676
1776131216760854004 10 0 3 1821.19 408.384
1776131216760854004 9 2 0 564.399 437.085
1776131216760854004 9 2 1 603.972 437.678
1776131216760854004 9 2 2 603.931 396.07
1776131216760854004 9 2 3 564.324 395.657
1776131216927636475 10 0 0 1822.32 443.569
1776131216927636475 10 0 1 1860.27 442.003
1776131216927636475 10 0 2 1858.93 406.543
1776131216927636475 10 0 3 1820.83 408.27
1776131216927636475 9 2 0 564.343 437.167
1776131216927636475 9 2 1 603.796 437.643
1776131216927636475 9 2 2 604.157 396.299
1776131216927636475 9 2 3 564.435 395.58
1776131217061061523 10 0 0 1822.16 443.733
1776131217061061523 10 0 1 1860.16 441.702
1776131217061061523 10 0 2 1859.25 406.351
1776131217061061523 10 0 3 1821.07 408.468
1776131217061061523 9 2 0 564.526 437.16
1776131217061061523 9 2 1 603.7 437.565
1776131217061061523 9 2 2 604.136 396.376
1776131217061061523 9 2 3 564.409 395.671
1776131217227841553 10 0 0 1822.41 443.618
1776131217227841553 10 0 1 1860.24 441.885
1776131217227841553 10 0 2 1859.17 406.591
1776131217227841553 10 0 3 1820.83 408.163
1776131217227841553 9 2 0 564.472 437.044
1776131217227841553 9 2 1 603.811 437.658
1776131217227841553 9 2 2 604.071 396.224
1776131217227841553 9 2 3 564.471 395.733
1776131217261197510 10 0 0 1822.49 443.677
1776131217261197510 10 0 1 1860.24 441.763
1776131217261197510 10 0 2 1858.99 406.577
1776131217261197510 10 0 3 1820.94 408.33
1776131217261197510 9 2 0 564.49 437.063
1776131217261197510 9 2 1 603.903 437.743
1776131217261197510 9 2 2 604.03 396.18
1776131217261197510 9 2 3 564.459 395.761
1776131217494689453 10 0 0 1822.24 443.621
1776131217494689453 10 0 1 1860.17 441.93
1776131217494689453 10 0 2 1859 406.768
1776131217494689453 10 0 3 1821.18 408.197
1776131217494689453 9 2 0 564.422 437.167
1776131217494689453 9 2 1 603.871 437.666
1776131217494689453 9 2 2 604.05 396.074
1776131217494689453 9 2 3 564.411 395.68
1776131217661469482 10 0 0 1822.76 443.787
1776131217661469482 10 0 1 1860.37 441.762
1776131217661469482 10 0 2 1858.9 406.738
1776131217661469482 10 0 3 1820.88 408.094
1776131217661469482 9 2 0 564.332 437.126
1776131217661469482 9 2 1 603.788 437.62
1776131217661469482 9 2 2 604.052 396.161
1776131217661469482 9 2 3 564.392 395.679
1776131217794893311 10 0 0 1822.28 443.457
1776131217794893311 10 0 1 1860.26 442.045
1776131217794893311 10 0 2 1859.27 406.804
1776131217794893311 10 0 3 1821.18 408.103
1776131217794893311 9 2 0 564.389 437.097
1776131217794893311 9 2 1 603.741 437.609
1776131217794893311 9 2 2 604.2 396.222
1776131217794893311 9 2 3 564.425 395.681
1776131217961673096 10 0 0 1822.31 443.684
1776131217961673096 10 0 1 1860.48 441.95
1776131217961673096 10 0 2 1859.08 406.713
1776131217961673096 10 0 3 1821.12 408.204
1776131217961673096 9 2 0 564.347 437.104
1776131217961673096 9 2 1 603.845 437.659
1776131217961673096 9 2 2 603.928 396.23
1776131217961673096 9 2 3 564.473 395.601
1776131218061741211 10 0 0 1822.43 443.523
1776131218061741211 10 0 1 1860.27 442.052
1776131218061741211 10 0 2 1859.16 406.595
1776131218061741211 10 0 3 1821.01 408.321
1776131218061741211 9 2 0 564.445 437.068
1776131218061741211 9 2 1 603.916 437.602
1776131218061741211 9 2 2 604.109 396.289
1776131218061741211 9 2 3 564.403 395.736
1776131218261877930 10 0 0 1822.41 443.627
1776131218261877930 10 0 1 1860.41 441.822
1776131218261877930 10 0 2 1859 406.708
1776131218261877930 10 0 3 1821.16 408.251
1776131218261877930 9 2 0 564.453 437.1
1776131218261877930 9 2 1 603.857 437.648
1776131218261877930 9 2 2 604.051 396.231
1776131218261877930 9 2 3 564.508 395.626
1776131218395302490 10 0 0 1822.59 443.523
1776131218395302490 10 0 1 1860.26 442.011
1776131218395302490 10 0 2 1859.01 406.427
1776131218395302490 10 0 3 1820.92 408.447
1776131218395302490 9 2 0 564.599 437.131
1776131218395302490 9 2 1 603.861 437.725
1776131218395302490 9 2 2 604.048 396.222
1776131218395302490 9 2 3 564.312 395.613
1776131218495370850 10 0 0 1822.34 443.776
1776131218495370850 10 0 1 1860.13 441.859
1776131218495370850 10 0 2 1859.19 406.74
1776131218495370850 10 0 3 1821.22 408.397
1776131218495370850 9 2 0 564.495 437.026
1776131218495370850 9 2 1 603.816 437.638
1776131218495370850 9 2 2 604.108 396.092
1776131218495370850 9 2 3 564.381 395.703
1776131218695507324 10 0 0 1822.44 443.512
1776131218695507324 10 0 1 1860.25 441.82
1776131218695507324 10 0 2 1859.1 406.779
1776131218695507324 10 0 3 1820.78 408.114
1776131218695507324 9 2 0 564.371 437.303
1776131218695507324 9 2 1 603.814 437.487
1776131218695507324 9 2 2 603.962 396.221
1776131218695507324 9 2 3 564.42 395.719
1776131218828931641 10 0 0 1822.24 443.846
1776131218828931641 10 0 1 1860.23 441.648
1776131218828931641 10 0 2 1858.89 406.737
1776131218828931641 10 0 3 1820.86 408.482
1776131218828931641 9 2 0 564.543 437.037
1776131218828931641 9 2 1 603.695 437.651
1776131218828931641 9 2 2 604.1 396.141
1776131218828931641 9 2 3 564.365 395.735
1776131218862287598 10 0 0 1822.2 443.352
1776131218862287598 10 0 1 1859.95 442.025
1776131218862287598 10 0 2 1859.22 406.739
1776131218862287598 10 0 3 1821.21 408.324
1776131218862287598 9 2 0 564.503 436.925
1776131218862287598 9 2 1 603.917 437.792
1776131218862287598 9 2 2 604.154 396.218
1776131218862287598 9 2 3 564.417 395.573
1776131218962355957 10 0 0 1822.3 443.6
1776131218962355957 10 0 1 1860.36 441.899
1776131218962355957 10 0 2 1858.75 406.517
1776131218962355957 10 0 3 1821.21 408.184
1776131218962355957 9 2 0 564.493 437.091
1776131218962355957 9 2 1 603.784 437.665
1776131218962355957 9 2 2 604.113 396.186
1776131218962355957 9 2 3 564.37 395.717
1776131219129138184 10 0 0 1822.51 443.439
1776131219129138184 10 0 1 1860.08 442.057
1776131219129138184 10 0 2 1859.13 406.701
1776131219129138184 10 0 3 1821.04 408.082
1776131219129138184 9 2 0 564.518 437.025
1776131219129138184 9 2 1 603.954 437.731
1776131219129138184 9 2 2 604.095 396.23
1776131219129138184 9 2 3 564.383 395.622
1776131219362634277 10 0 0 1822.24 443.793
1776131219362634277 10 0 1 1860.3 442.109
1776131219362634277 10 0 2 1859 406.706
1776131219362634277 10 0 3 1820.94 408.371
1776131219362634277 9 2 0 564.343 437.009
1776131219362634277 9 2 1 603.809 437.634
1776131219362634277 9 2 2 604.198 396.257
1776131219362634277 9 2 3 564.478 395.605
1776131219529417480 10 0 0 1822.32 443.578
1776131219529417480 10 0 1 1860.44 442.045
1776131219529417480 10 0 2 1858.87 406.786
1776131219529417480 10 0 3 1821.2 408.317
1776131219529417480 9 2 0 564.517 437.01
1776131219529417480 9 2 1 603.77 437.622
1776131219529417480 9 2 2 604.14 396.094
1776131219529417480 9 2 3 564.293 395.672
1776131219562773926 10 0 0 1822.26 443.841
1776131219562773926 10 0 1 1859.97 441.617
1776131219562773926 10 0 2 1859.25 406.799
1776131219562773926 10 0 3 1821.06 408.138
1776131219562773926 9 2 0 564.569 437.172
1776131219562773926 9 2 1 603.831 437.551
1776131219562773926 9 2 2 604.127 396.228
1776131219562773926 9 2 3 564.313 395.636
1776131219662843994 10 0 0 1822.18 443.669
1776131219662843994 10 0 1 1860.19 441.851
1776131219662843994 10 0 2 1858.99 406.57
1776131219662843994 10 0 3 1821.27 408.391
1776131219662843994 9 2 0 564.406 437.169
1776131219662843994 9 2 1 603.988 437.586
1776131219662843994 9 2 2 603.912 396.226
1776131219662843994 9 2 3 564.481 395.676
1776131219829627197 10 0 0 1822.23 443.739
1776131219829627197 10 0 1 1860.12 441.767
1776131219829627197 10 0 2 1859.12 406.755
1776131219829627197 10 0 3 1821.04 408.175
1776131219829627197 9 2 0 564.384 437.16
1776131219829627197 9 2 1 603.704 437.618
1776131219829627197 9 2 2 604.149 396.297
1776131219829627197 9 2 3 564.335 395.669
1776131220063123047 10 0 0 1822.08 443.631
1776131220063123047 10 0 1 1860.45 441.862
1776131220063123047 10 0 2 1858.84 406.758
1776131220063123047 10 0 3 1821.23 408.215
1776131220063123047 9 2 0 564.552 437.129
1776131220063123047 9 2 1 603.863 437.531
1776131220063123047 9 2 2 604.01 396.185
1776131220063123047 9 2 3 564.318 395.632
1776131220263259033 10 0 0 1822.52 443.584
1776131220263259033 10 0 1 1860.16 441.848
1776131220263259033 10 0 2 1858.85 406.548
1776131220263259033 10 0 3 1821.04 408.269
1776131220263259033 9 2 0 564.544 437.161
1776131220263259033 9 2 1 603.818 437.551
1776131220263259033 9 2 2 604.036 396.187
1776131220263259033 9 2 3 564.385 395.754
1776131220396683105 10 0 0 1822.23 443.576
1776131220396683105 10 0 1 1860.34 441.889
1776131220396683105 10 0 2 1858.96 406.672
1776131220396683105 10 0 3 1821.05 408.234
1776131220396683105 9 2 0 564.553 437.077
1776131220396683105 9 2 1 603.838 437.66
1776131220396683105 9 2 2 604.02 396.325
1776131220396683105 9 2 3 564.381 395.783
1776131220430039063 10 0 0 1822.15 443.7
1776131220430039063 10 0 1 1860.76 441.891
1776131220430039063 10 0 2 1858.97 406.487
1776131220430039063 10 0 3 1821.02 408.464
1776131220430039063 9 2 0 564.415 437.136
1776131220430039063 9 2 1 604.012 437.701
1776131220430039063 9 2 2 604.002 396.319
1776131220430039063 9 2 3 564.507 395.616
1776131220563462891 10 0 0 1822.28 443.645
1776131220563462891 10 0 1 1860.41 441.96
1776131220563462891 10 0 2 1858.7 406.622
1776131220563462891 10 0 3 1821.13 408.272
1776131220563462891 9 2 0 564.305 437.159
1776131220563462891 9 2 1 603.804 437.664
1776131220563462891 9 2 2 604.136 396.084
1776131220563462891 9 2 3 564.443 395.746
1776131220830310303 10 0 0 1822.28 443.708
1776131220830310303 10 0 1 1860.26 441.834
1776131220830310303 10 0 2 1858.94 406.851
1776131220830310303 10 0 3 1820.99 408.381
1776131220830310303 9 2 0 564.39 437.144
1776131220830310303 9 2 1 603.883 437.62
1776131220830310303 9 2 2 604.043 396.241
1776131220830310303 9 2 3 564.319 395.655
1776131220997089844 10 0 0 1822.26 443.487
1776131220997089844 10 0 1 1860.22 442.106
1776131220997089844 10 0 2 1858.86 406.853
1776131220997089844 10 0 3 1821.12 408.017
1776131220997089844 9 2 0 564.516 437.095
1776131220997089844 9 2 1 603.872 437.7
1776131220997089844 9 2 2 604.025 396.171
1776131220997089844 9 2 3 564.307 395.772
1776131221030445801 10 0 0 1822.19 443.445
1776131221030445801 10 0 1 1860.41 442.067
1776131221030445801 10 0 2 1858.92 406.927
1776131221030445801 10 0 3 1820.9 408.149
1776131221030445801 9 2 0 564.523 437.108
1776131221030445801 9 2 1 603.924 437.585
1776131221030445801 9 2 2 603.966 396.266
1776131221030445801 9 2 3 564.537 395.679
1776131221163869629 10 0 0 1822.46 443.554
1776131221163869629 10 0 1 1859.98 441.887
1776131221163869629 10 0 2 1859.21 406.76
1776131221163869629 10 0 3 1820.93 408.408
1776131221163869629 9 2 0 564.424 437.217
1776131221163869629 9 2 1 603.959 437.611
1776131221163869629 9 2 2 604.096 396.218
1776131221163869629 9 2 3 564.493 395.645
1776131221430717041 10 0 0 1822.46 443.597
1776131221430717041 10 0 1 1860.29 441.864
1776131221430717041 10 0 2 1859.06 406.551
1776131221430717041 10 0 3 1821.02 408.241
1776131221430717041 9 2 0 564.55 437.115
1776131221430717041 9 2 1 603.829 437.627
1776131221430717041 9 2 2 604.134 396.367
1776131221430717041 9 2 3 564.297 395.676
1776131221597496582 10 0 0 1822.72 443.474
1776131221597496582 10 0 1 1860.2 441.953
1776131221597496582 10 0 2 1858.93 406.62
1776131221597496582 10 0 3 1820.87 408.12
1776131221597496582 9 2 0 564.443 437.139
1776131221597496582 9 2 1 603.879 437.603
1776131221597496582 9 2 2 604.01 396.149
1776131221597496582 9 2 3 564.378 395.618
1776131221630852539 10 0 0 1822.17 443.641
1776131221630852539 10 0 1 1860.21 441.618
1776131221630852539 10 0 2 1858.74 406.607
1776131221630852539 10 0 3 1821.27 408.292
1776131221630852539 9 2 0 564.462 437.006
1776131221630852539 9 2 1 603.917 437.76
1776131221630852539 9 2 2 604.096 396.266
1776131221630852539 9 2 3 564.43 395.742
1776131221764276123 10 0 0 1822.33 443.503
1776131221764276123 10 0 1 1860.22 441.856
1776131221764276123 10 0 2 1859.28 406.502
1776131221764276123 10 0 3 1821.27 408.35
1776131221764276123 9 2 0 564.449 437.034
1776131221764276123 9 2 1 603.832 437.622
1776131221764276123 9 2 2 603.938 396.165
1776131221764276123 9 2 3 564.348 395.636
1776131222031122803 10 0 0 1822.16 443.664
1776131222031122803 10 0 1 1860.12 442.007
1776131222031122803 10 0 2 1859.26 406.487
1776131222031122803 10 0 3 1821.36 408.424
1776131222031122803 9 2 0 564.401 436.99
1776131222031122803 9 2 1 603.882 437.692
1776131222031122803 9 2 2 604.002 396.111
1776131222031122803 9 2 3 564.372 395.738
1776131222231264160 10 0 0 1822.19 443.597
1776131222231264160 10 0 1 1860.43 441.911
1776131222231264160 10 0 2 1858.77 406.554
1776131222231264160 10 0 3 1821.06 408.24
1776131222231264160 9 2 0 564.47 437.046
1776131222231264160 9 2 1 603.916 437.523
1776131222231264160 9 2 2 604.021 396.249
1776131222231264160 9 2 3 564.42 395.644
1776131222364691895 10 0 0 1822.33 443.872
1776131222364691895 10 0 1 1860.34 441.571
1776131222364691895 10 0 2 1858.95 406.686
1776131222364691895 10 0 3 1821.22 408.221
1776131222364691895 9 2 0 564.433 437.153
1776131222364691895 9 2 1 603.974 437.63
1776131222364691895 9 2 2 603.983 396.201
1776131222364691895 9 2 3 564.447 395.671
1776131222498119629 10 0 0 1822.43 443.627
1776131222498119629 10 0 1 1860.37 441.947
1776131222498119629 10 0 2 1859.08 406.752
1776131222498119629 10 0 3 1820.98 408.321
1776131222498119629 9 2 0 564.381 437.097
1776131222498119629 9 2 1 603.935 437.541
1776131222498119629 9 2 2 604.084 396.216
1776131222498119629 9 2 3 564.495 395.637
1776131222631547607 10 0 0 1821.9 443.621
1776131222631547607 10 0 1 1860.31 441.97
1776131222631547607 10 0 2 1858.84 406.567
1776131222631547607 10 0 3 1821.28 408.136
1776131222631547607 9 2 0 564.406 436.971
1776131222631547607 9 2 1 603.802 437.697
1776131222631547607 9 2 2 604.074 396.196
1776131222631547607 9 2 3 564.556 395.654
1776131222798332520 10 0 0 1822.54 443.362
1776131222798332520 10 0 1 1860.23 441.747
1776131222798332520 10 0 2 1859.11 406.72
1776131222798332520 10 0 3 1821.18 408.33
1776131222798332520 9 2 0 564.639 437.007
1776131222798332520 9 2 1 603.808 437.689
1776131222798332520 9 2 2 604.192 396.118
1776131222798332520 9 2 3 564.182 395.76
1776131222931760498 10 0 0 1822.6 443.559
1776131222931760498 10 0 1 1860.3 441.795
1776131222931760498 10 0 2 1859.18 406.418
1776131222931760498 10 0 3 1820.9 408.483
1776131222931760498 9 2 0 564.464 437.145
1776131222931760498 9 2 1 603.871 437.633
1776131222931760498 9 2 2 604.073 396.283
1776131222931760498 9 2 3 564.375 395.614
1776131223098543213 10 0 0 1822.28 443.677
1776131223098543213 10 0 1 1860.17 441.783
1776131223098543213 10 0 2 1858.93 406.644
1776131223098543213 10 0 3 1821.21 408.161
1776131223098543213 9 2 0 564.461 437.053
1776131223098543213 9 2 1 603.897 437.56
1776131223098543213 9 2 2 604.09 396.291
1776131223098543213 9 2 3 564.389 395.619
1776131223231966553 10 0 0 1822.2 443.596
1776131223231966553 10 0 1 1860.36 441.948
1776131223231966553 10 0 2 1858.65 406.735
1776131223231966553 10 0 3 1821.14 408.236
1776131223231966553 9 2 0 564.379 437.088
1776131223231966553 9 2 1 603.876 437.584
1776131223231966553 9 2 2 604.043 396.259
1776131223231966553 9 2 3 564.402 395.728
1776131223432101074 10 0 0 1822.2 443.588
1776131223432101074 10 0 1 1860.49 441.996
1776131223432101074 10 0 2 1858.93 406.773
1776131223432101074 10 0 3 1821.21 408.172
1776131223432101074 9 2 0 564.478 437.078
1776131223432101074 9 2 1 603.744 437.57
1776131223432101074 9 2 2 604.127 396.174
1776131223432101074 9 2 3 564.446 395.798
1776131223565524170 10 0 0 1822.18 443.738
1776131223565524170 10 0 1 1859.98 441.788
1776131223565524170 10 0 2 1859.17 406.853
1776131223565524170 10 0 3 1821.04 408.088
1776131223565524170 9 2 0 564.529 437.052
1776131223565524170 9 2 1 603.845 437.613
1776131223565524170 9 2 2 604.103 396.199
1776131223565524170 9 2 3 564.422 395.691
1776131223598879883 10 0 0 1821.84 443.46
1776131223598879883 10 0 1 1860.26 441.931
1776131223598879883 10 0 2 1859.16 406.972
1776131223598879883 10 0 3 1821.44 408.052
1776131223598879883 9 2 0 564.602 437.131
1776131223598879883 9 2 1 603.699 437.611
1776131223598879883 9 2 2 604.162 396.203
1776131223598879883 9 2 3 564.361 395.59
1776131223732302734 10 0 0 1822.24 443.661
1776131223732302734 10 0 1 1860.07 441.918
1776131223732302734 10 0 2 1858.98 406.755
1776131223732302734 10 0 3 1821.05 408.307
1776131223732302734 9 2 0 564.483 437.099
1776131223732302734 9 2 1 603.816 437.572
1776131223732302734 9 2 2 604.071 396.13
1776131223732302734 9 2 3 564.36 395.671
1776131223999148193 10 0 0 1822.15 443.473
1776131223999148193 10 0 1 1860.38 441.832
1776131223999148193 10 0 2 1858.95 406.865
1776131223999148193 10 0 3 1821.3 408.215
1776131223999148193 9 2 0 564.42 437.092
1776131223999148193 9 2 1 603.865 437.672
1776131223999148193 9 2 2 604.017 396.107
1776131223999148193 9 2 3 564.392 395.677
1776131224165932373 10 0 0 1822.25 443.734
1776131224165932373 10 0 1 1860.38 441.699
1776131224165932373 10 0 2 1858.89 406.694
1776131224165932373 10 0 3 1821.1 408.218
1776131224165932373 9 2 0 564.47 437.232
1776131224165932373 9 2 1 603.679 437.567
1776131224165932373 9 2 2 604.214 396.196
1776131224165932373 9 2 3 564.378 395.675
1776131224199289307 10 0 0 1822.29 443.47
1776131224199289307 10 0 1 1860.33 441.903
1776131224199289307 10 0 2 1858.89 406.502
1776131224199289307 10 0 3 1821.19 408.394
1776131224199289307 9 2 0 564.434 437.046
1776131224199289307 9 2 1 603.949 437.713
1776131224199289307 9 2 2 603.948 396.193
1776131224199289307 9 2 3 564.393 395.717
1776131224332717773 10 0 0 1822.25 443.722
1776131224332717773 10 0 1 1860.32 441.954
1776131224332717773 10 0 2 1858.74 406.633
1776131224332717773 10 0 3 1820.99 408.175
1776131224332717773 9 2 0 564.416 437.063
1776131224332717773 9 2 1 603.813 437.554
1776131224332717773 9 2 2 604.14 396.187
1776131224332717773 9 2 3 564.435 395.762
1776131224599574951 10 0 0 1821.97 443.559
1776131224599574951 10 0 1 1860.3 441.983
1776131224599574951 10 0 2 1859.07 406.671
1776131224599574951 10 0 3 1821.34 408.115
1776131224599574951 9 2 0 564.384 437.123
1776131224599574951 9 2 1 603.901 437.688
1776131224599574951 9 2 2 604.021 396.182
1776131224599574951 9 2 3 564.429 395.786
1776131224766360596 10 0 0 1821.94 443.685
1776131224766360596 10 0 1 1860.1 441.778
1776131224766360596 10 0 2 1858.93 406.72
1776131224766360596 10 0 3 1821.45 408.268
1776131224766360596 9 2 0 564.347 437.102
1776131224766360596 9 2 1 603.929 437.595
1776131224766360596 9 2 2 604.013 396.181
1776131224766360596 9 2 3 564.605 395.539
1776131224799717773 10 0 0 1822.38 443.608
1776131224799717773 10 0 1 1860.12 441.88
1776131224799717773 10 0 2 1859.1 406.659
1776131224799717773 10 0 3 1821.15 408.327
1776131224799717773 9 2 0 564.563 437.161
1776131224799717773 9 2 1 603.891 437.671
1776131224799717773 9 2 2 604.073 396.167
1776131224799717773 9 2 3 564.563 395.706
1776131224933146484 10 0 0 1822.53 443.727
1776131224933146484 10 0 1 1860.55 441.843
1776131224933146484 10 0 2 1859 406.593
1776131224933146484 10 0 3 1821.14 408.263
1776131224933146484 9 2 0 564.514 437.107
1776131224933146484 9 2 1 603.898 437.641
1776131224933146484 9 2 2 604.05 396.256
1776131224933146484 9 2 3 564.462 395.74
1776131225233352295 10 0 0 1822.24 443.44
1776131225233352295 10 0 1 1860.54 442.013
1776131225233352295 10 0 2 1858.56 406.699
1776131225233352295 10 0 3 1821.38 408.238
1776131225233352295 9 2 0 564.413 437.065
1776131225233352295 9 2 1 603.749 437.745
1776131225233352295 9 2 2 604.1 396.237
1776131225233352295 9 2 3 564.475 395.646
1776131225400130615 10 0 0 1822.34 443.506
1776131225400130615 10 0 1 1860.34 441.786
1776131225400130615 10 0 2 1859.12 406.537
1776131225400130615 10 0 3 1821.01 408.235
1776131225400130615 9 2 0 564.59 436.963
1776131225400130615 9 2 1 603.694 437.667
1776131225400130615 9 2 2 604.055 396.107
1776131225400130615 9 2 3 564.272 395.751
1776131225533553467 10 0 0 1822.32 443.726
1776131225533553467 10 0 1 1860.23 441.814
1776131225533553467 10 0 2 1859.23 406.498
1776131225533553467 10 0 3 1821.07 408.345
1776131225533553467 9 2 0 564.558 437.019
1776131225533553467 9 2 1 603.794 437.605
1776131225533553467 9 2 2 604.098 396.27
1776131225533553467 9 2 3 564.309 395.551
1776131225566908936 10 0 0 1822.59 443.472
1776131225566908936 10 0 1 1860.39 442.024
1776131225566908936 10 0 2 1859.04 406.785
1776131225566908936 10 0 3 1821.03 408.102
1776131225566908936 9 2 0 564.489 437.11
1776131225566908936 9 2 1 603.898 437.622
1776131225566908936 9 2 2 604.108 396.19
1776131225566908936 9 2 3 564.455 395.735
1776131225700331543 10 0 0 1822.38 443.942
1776131225700331543 10 0 1 1860.04 441.604
1776131225700331543 10 0 2 1858.93 406.418
1776131225700331543 10 0 3 1820.99 408.446
1776131225700331543 9 2 0 564.409 436.983
1776131225700331543 9 2 1 603.751 437.611
1776131225700331543 9 2 2 604.166 396.266
1776131225700331543 9 2 3 564.339 395.689
1776131225967176270 10 0 0 1822.24 443.449
1776131225967176270 10 0 1 1860.24 441.881
1776131225967176270 10 0 2 1859.25 406.517
1776131225967176270 10 0 3 1821.18 408.293
1776131225967176270 9 2 0 564.479 437.059
1776131225967176270 9 2 1 603.861 437.656
1776131225967176270 9 2 2 604.049 396.226
1776131225967176270 9 2 3 564.444 395.627
1776131226133954834 10 0 0 1822.28 443.397
1776131226133954834 10 0 1 1860.14 441.904
1776131226133954834 10 0 2 1859.2 406.67
1776131226133954834 10 0 3 1821.11 408.213
1776131226133954834 9 2 0 564.377 436.99
1776131226133954834 9 2 1 603.619 437.566
1776131226133954834 9 2 2 604.029 396.058
1776131226133954834 9 2 3 564.417 395.792
1776131226167310791 10 0 0 1822.22 443.853
1776131226167310791 10 0 1 1860.61 441.648
1776131226167310791 10 0 2 1858.68 406.592
1776131226167310791 10 0 3 1821.03 408.213
1776131226167310791 9 2 0 564.418 437.012
1776131226167310791 9 2 1 603.853 437.582
1776131226167310791 9 2 2 604.099 396.243
1776131226167310791 9 2 3 564.426 395.654
1776131226400801270 10 0 0 1822.36 443.484
1776131226400801270 10 0 1 1860.57 441.765
1776131226400801270 10 0 2 1858.9 406.606
1776131226400801270 10 0 3 1821.06 408.311
1776131226400801270 9 2 0 564.355 437.147
1776131226400801270 9 2 1 603.849 437.568
1776131226400801270 9 2 2 604.051 396.143
1776131226400801270 9 2 3 564.391 395.74
1776131226600935547 10 0 0 1822.21 443.436
1776131226600935547 10 0 1 1860.11 442.076
1776131226600935547 10 0 2 1859.15 406.704
1776131226600935547 10 0 3 1821.45 408.36
1776131226600935547 9 2 0 564.507 437.026
1776131226600935547 9 2 1 603.73 437.585
1776131226600935547 9 2 2 604.132 396.309
1776131226600935547 9 2 3 564.394 395.656
1776131226734358643 10 0 0 1822.43 443.678
1776131226734358643 10 0 1 1860.5 441.83
1776131226734358643 10 0 2 1858.76 406.988
1776131226734358643 10 0 3 1820.98 408.068
1776131226734358643 9 2 0 564.466 436.991
1776131226734358643 9 2 1 603.907 437.652
1776131226734358643 9 2 2 604.181 396.163
1776131226734358643 9 2 3 564.3 395.729
1776131226767714111 10 0 0 1822.26 443.624
1776131226767714111 10 0 1 1860.32 441.949
1776131226767714111 10 0 2 1859.2 406.753
1776131226767714111 10 0 3 1821.22 408.219
1776131226767714111 9 2 0 564.505 436.973
1776131226767714111 9 2 1 603.643 437.645
1776131226767714111 9 2 2 604.123 396.293
1776131226767714111 9 2 3 564.343 395.643
1776131227001204102 10 0 0 1822.32 443.64
1776131227001204102 10 0 1 1860.33 441.915
1776131227001204102 10 0 2 1858.91 406.732
1776131227001204102 10 0 3 1821.05 408.233
1776131227001204102 9 2 0 564.46 437.237
1776131227001204102 9 2 1 603.836 437.537
1776131227001204102 9 2 2 604.132 396.216
1776131227001204102 9 2 3 564.466 395.715
1776131227201344971 10 0 0 1822.38 443.456
1776131227201344971 10 0 1 1859.9 442.143
1776131227201344971 10 0 2 1859.18 406.675
1776131227201344971 10 0 3 1821.16 408.178
1776131227201344971 9 2 0 564.694 437.044
1776131227201344971 9 2 1 604.043 437.708
1776131227201344971 9 2 2 604.046 396.291
1776131227201344971 9 2 3 564.287 395.577
1776131227334773438 10 0 0 1821.94 443.739
1776131227334773438 10 0 1 1860.25 441.917
1776131227334773438 10 0 2 1858.99 406.527
1776131227334773438 10 0 3 1821.33 408.388
1776131227334773438 9 2 0 564.529 437.077
1776131227334773438 9 2 1 603.865 437.641
1776131227334773438 9 2 2 603.993 396.181
1776131227334773438 9 2 3 564.243 395.68
1776131227468201904 10 0 0 1822.15 443.621
1776131227468201904 10 0 1 1860.36 441.91
1776131227468201904 10 0 2 1858.88 406.844
1776131227468201904 10 0 3 1821.26 408.319
1776131227468201904 9 2 0 564.486 437.062
1776131227468201904 9 2 1 603.872 437.685
1776131227468201904 9 2 2 604.13 396.233
1776131227468201904 9 2 3 564.444 395.748
1776131227634988037 10 0 0 1822.46 443.467
1776131227634988037 10 0 1 1860.29 441.935
1776131227634988037 10 0 2 1858.92 406.524
1776131227634988037 10 0 3 1820.98 408.276
1776131227634988037 9 2 0 564.524 437.235
1776131227634988037 9 2 1 603.793 437.538
1776131227634988037 9 2 2 604.105 396.245
1776131227634988037 9 2 3 564.268 395.745
1776131227768416992 10 0 0 1822.39 443.687
1776131227768416992 10 0 1 1860.09 441.69
1776131227768416992 10 0 2 1859.25 406.735
1776131227768416992 10 0 3 1821.26 408.185
1776131227768416992 9 2 0 564.405 436.874
1776131227768416992 9 2 1 603.866 437.679
1776131227768416992 9 2 2 604.073 396.252
1776131227768416992 9 2 3 564.453 395.713
1776131227935203369 10 0 0 1822.19 443.642
1776131227935203369 10 0 1 1860.2 442.022
1776131227935203369 10 0 2 1859.23 406.694
1776131227935203369 10 0 3 1821.03 408.347
1776131227935203369 9 2 0 564.312 437.055
1776131227935203369 9 2 1 603.857 437.609
1776131227935203369 9 2 2 604.09 396.211
1776131227935203369 9 2 3 564.403 395.673
1776131227968560791 10 0 0 1822.61 443.526
1776131227968560791 10 0 1 1860.3 441.892
1776131227968560791 10 0 2 1858.87 406.724
1776131227968560791 10 0 3 1820.87 408.07
1776131227968560791 9 2 0 564.514 437.158
1776131227968560791 9 2 1 603.761 437.55
1776131227968560791 9 2 2 604.273 396.272
1776131227968560791 9 2 3 564.346 395.602
1776131228101989502 10 0 0 1822.09 443.421
1776131228101989502 10 0 1 1860.44 441.783
1776131228101989502 10 0 2 1858.68 406.75
1776131228101989502 10 0 3 1821.27 408.164
1776131228101989502 9 2 0 564.474 436.936
1776131228101989502 9 2 1 603.654 437.691
1776131228101989502 9 2 2 604.151 396.24
1776131228101989502 9 2 3 564.589 395.588
1776131228769131104 10 0 0 1822.46 443.593
1776131228769131104 10 0 1 1860.13 441.842
1776131228769131104 10 0 2 1859.08 406.496
1776131228769131104 10 0 3 1821.24 408.528
1776131228769131104 9 2 0 564.484 437.094
1776131228769131104 9 2 1 603.78 437.583
1776131228769131104 9 2 2 604.16 396.258
1776131228769131104 9 2 3 564.378 395.623
1776131228935916992 10 0 0 1822.36 443.795
1776131228935916992 10 0 1 1860.49 441.915
1776131228935916992 10 0 2 1858.85 406.826
1776131228935916992 10 0 3 1821.04 408.282
1776131228935916992 9 2 0 564.447 436.948
1776131228935916992 9 2 1 603.922 437.702
1776131228935916992 9 2 2 604.064 396.262
1776131228935916992 9 2 3 564.41 395.583
1776131229102703125 10 0 0 1822.24 443.543
1776131229102703125 10 0 1 1860.22 441.704
1776131229102703125 10 0 2 1859.13 406.742
1776131229102703125 10 0 3 1820.94 408.227
1776131229102703125 9 2 0 564.554 437.172
1776131229102703125 9 2 1 603.904 437.546
1776131229102703125 9 2 2 604.107 396.166
1776131229102703125 9 2 3 564.302 395.588
1776131229369561768 10 0 0 1822.28 443.801
1776131229369561768 10 0 1 1860.41 441.84
1776131229369561768 10 0 2 1858.98 406.652
1776131229369561768 10 0 3 1821.22 408.295
1776131229369561768 9 2 0 564.571 437.16
1776131229369561768 9 2 1 603.82 437.593
1776131229369561768 9 2 2 604.058 396.221
1776131229369561768 9 2 3 564.382 395.67
1776131229536348389 10 0 0 1822.43 443.605
1776131229536348389 10 0 1 1860.6 441.986
1776131229536348389 10 0 2 1858.7 406.738
1776131229536348389 10 0 3 1821.14 407.981
1776131229536348389 9 2 0 564.477 436.996
1776131229536348389 9 2 1 603.8 437.654
1776131229536348389 9 2 2 604.089 396.136
1776131229536348389 9 2 3 564.44 395.68
1776131229569705811 10 0 0 1822.44 443.385
1776131229569705811 10 0 1 1860.52 441.817
1776131229569705811 10 0 2 1859.19 406.621
1776131229569705811 10 0 3 1821.11 408.267
1776131229569705811 9 2 0 564.2 437.19
1776131229569705811 9 2 1 603.88 437.53
1776131229569705811 9 2 2 604.168 396.153
1776131229569705811 9 2 3 564.48 395.689
1776131229703135254 10 0 0 1822.21 443.569
1776131229703135254 10 0 1 1860.25 441.884
1776131229703135254 10 0 2 1858.99 406.683
1776131229703135254 10 0 3 1821.11 408.102
1776131229703135254 9 2 0 564.67 437.149
1776131229703135254 9 2 1 603.873 437.562
1776131229703135254 9 2 2 604.179 396.185
1776131229703135254 9 2 3 564.385 395.749
1776131229869922363 10 0 0 1822.28 443.724
1776131229869922363 10 0 1 1860.38 441.85
1776131229869922363 10 0 2 1858.85 406.684
1776131229869922363 10 0 3 1821.12 408.218
1776131229869922363 9 2 0 564.559 437.115
1776131229869922363 9 2 1 603.669 437.621
1776131229869922363 9 2 2 604.015 396.086
1776131229869922363 9 2 3 564.237 395.745
1776131230103421631 10 0 0 1822.41 443.686
1776131230103421631 10 0 1 1860.25 442.001
1776131230103421631 10 0 2 1859.2 407.03
1776131230103421631 10 0 3 1821.12 408.219
1776131230103421631 9 2 0 564.404 437.101
1776131230103421631 9 2 1 603.855 437.655
1776131230103421631 9 2 2 604.075 396.096
1776131230103421631 9 2 3 564.484 395.68
1776131230303558105 10 0 0 1822.08 443.758
1776131230303558105 10 0 1 1860.01 441.843
1776131230303558105 10 0 2 1859.34 406.802
1776131230303558105 10 0 3 1821.4 408.304
1776131230303558105 9 2 0 564.531 437.003
1776131230303558105 9 2 1 603.935 437.758
1776131230303558105 9 2 2 604.004 396.247
1776131230303558105 9 2 3 564.387 395.627
1776131230336914063 10 0 0 1822.4 443.718
1776131230336914063 10 0 1 1860.28 441.863
1776131230336914063 10 0 2 1859.06 406.696
1776131230336914063 10 0 3 1820.95 408.465
1776131230336914063 9 2 0 564.43 437.114
1776131230336914063 9 2 1 603.708 437.643
1776131230336914063 9 2 2 603.96 396.307
1776131230336914063 9 2 3 564.287 395.651
1776131230470338379 10 0 0 1822.38 443.561
1776131230470338379 10 0 1 1860.37 441.95
1776131230470338379 10 0 2 1858.83 406.86
1776131230470338379 10 0 3 1821.06 408.016
1776131230470338379 9 2 0 564.385 437.036
1776131230470338379 9 2 1 603.81 437.675
1776131230470338379 9 2 2 604.007 396.316
1776131230470338379 9 2 3 564.307 395.586
1776131230737187012 10 0 0 1822.5 443.694
1776131230737187012 10 0 1 1860.27 441.93
1776131230737187012 10 0 2 1859.01 406.776
1776131230737187012 10 0 3 1820.92 408.298
1776131230737187012 9 2 0 564.546 437.147
1776131230737187012 9 2 1 603.778 437.581
1776131230737187012 9 2 2 604.193 396.233
1776131230737187012 9 2 3 564.344 395.809
1776131230937323242 10 0 0 1822.34 443.867
1776131230937323242 10 0 1 1860.2 441.915
1776131230937323242 10 0 2 1858.89 406.67
1776131230937323242 10 0 3 1821.06 408.376
1776131230937323242 9 2 0 564.427 437.109
1776131230937323242 9 2 1 603.857 437.61
1776131230937323242 9 2 2 604.032 396.238
1776131230937323242 9 2 3 564.437 395.69
1776131230970679199 10 0 0 1822.21 443.639
1776131230970679199 10 0 1 1860.07 441.875
1776131230970679199 10 0 2 1859.32 406.464
1776131230970679199 10 0 3 1821.16 408.206
1776131230970679199 9 2 0 564.546 437.186
1776131230970679199 9 2 1 603.842 437.534
1776131230970679199 9 2 2 603.996 396.221
1776131230970679199 9 2 3 564.36 395.612
1776131231204174316 10 0 0 1822.57 443.574
1776131231204174316 10 0 1 1859.9 441.995
1776131231204174316 10 0 2 1859.41 406.438
1776131231204174316 10 0 3 1821.05 408.459
1776131231204174316 9 2 0 564.51 436.986
1776131231204174316 9 2 1 603.924 437.673
1776131231204174316 9 2 2 603.954 396.209
1776131231204174316 9 2 3 564.25 395.651
1776131231404313965 10 0 0 1822.15 443.559
1776131231404313965 10 0 1 1860.31 441.979
1776131231404313965 10 0 2 1859.01 406.803
1776131231404313965 10 0 3 1821.4 408.205
1776131231404313965 9 2 0 564.441 437.062
1776131231404313965 9 2 1 603.694 437.703
1776131231404313965 9 2 2 604.168 396.187
1776131231404313965 9 2 3 564.388 395.719
1776131231571096924 10 0 0 1822.13 443.776
1776131231571096924 10 0 1 1860.33 441.719
1776131231571096924 10 0 2 1859.07 406.721
1776131231571096924 10 0 3 1821.07 408.488
1776131231571096924 9 2 0 564.465 437.112
1776131231571096924 9 2 1 603.865 437.627
1776131231571096924 9 2 2 604.077 396.179
1776131231571096924 9 2 3 564.412 395.729
1776131231704523438 10 0 0 1822.5 443.724
1776131231704523438 10 0 1 1860.32 441.7
1776131231704523438 10 0 2 1859.2 406.553
1776131231704523438 10 0 3 1820.89 408.222
1776131231704523438 9 2 0 564.353 437.098
1776131231704523438 9 2 1 603.786 437.602
1776131231704523438 9 2 2 604.127 396.237
1776131231704523438 9 2 3 564.39 395.647
1776131231837949951 10 0 0 1822.21 443.808
1776131231837949951 10 0 1 1860.61 441.708
1776131231837949951 10 0 2 1858.77 406.569
1776131231837949951 10 0 3 1821.25 408.369
1776131231837949951 9 2 0 564.468 437.095
1776131231837949951 9 2 1 603.603 437.64
1776131231837949951 9 2 2 604.123 396.218
1776131231837949951 9 2 3 564.307 395.69
1776131232004733154 10 0 0 1822.46 443.455
1776131232004733154 10 0 1 1860.64 442.086
1776131232004733154 10 0 2 1858.82 406.686
1776131232004733154 10 0 3 1820.86 408.338
1776131232004733154 9 2 0 564.303 437.293
1776131232004733154 9 2 1 603.683 437.492
1776131232004733154 9 2 2 604.165 396.212
1776131232004733154 9 2 3 564.416 395.73
1776131232138158447 10 0 0 1822.33 443.478
1776131232138158447 10 0 1 1860.37 441.879
1776131232138158447 10 0 2 1859.13 406.794
1776131232138158447 10 0 3 1821.1 408.28
1776131232138158447 9 2 0 564.293 437.181
1776131232138158447 9 2 1 603.887 437.538
1776131232138158447 9 2 2 603.958 396.352
1776131232138158447 9 2 3 564.374 395.577
1776131232338295654 10 0 0 1822.11 443.648
1776131232338295654 10 0 1 1860.29 441.997
1776131232338295654 10 0 2 1858.94 406.692
1776131232338295654 10 0 3 1821.28 408.265
1776131232338295654 9 2 0 564.51 437.1
1776131232338295654 9 2 1 603.92 437.598
1776131232338295654 9 2 2 603.937 396.157
1776131232338295654 9 2 3 564.413 395.709
1776131232505076660 10 0 0 1822.09 443.451
1776131232505076660 10 0 1 1860.24 441.816
1776131232505076660 10 0 2 1859.13 406.648
1776131232505076660 10 0 3 1821.07 408.325
1776131232505076660 9 2 0 564.453 437.117
1776131232505076660 9 2 1 603.775 437.633
1776131232505076660 9 2 2 604.185 396.191
1776131232505076660 9 2 3 564.492 395.792
1776131232638501465 10 0 0 1822.05 443.589
1776131232638501465 10 0 1 1860.22 441.908
1776131232638501465 10 0 2 1859.1 406.522
1776131232638501465 10 0 3 1821.03 408.169
1776131232638501465 9 2 0 564.487 437.036
1776131232638501465 9 2 1 603.843 437.662
1776131232638501465 9 2 2 604.079 396.131
1776131232638501465 9 2 3 564.375 395.612
1776131232671857666 10 0 0 1822.11 443.582
1776131232671857666 10 0 1 1860.27 441.854
1776131232671857666 10 0 2 1859.09 406.703
1776131232671857666 10 0 3 1821.28 408.087
1776131232671857666 9 2 0 564.419 437.139
1776131232671857666 9 2 1 603.833 437.595
1776131232671857666 9 2 2 604.101 396.141
1776131232671857666 9 2 3 564.352 395.649
1776131232805282227 10 0 0 1822.19 443.679
1776131232805282227 10 0 1 1860.51 441.961
1776131232805282227 10 0 2 1859.18 406.703
1776131232805282227 10 0 3 1821.22 408.207
1776131232805282227 9 2 0 564.386 437.225
1776131232805282227 9 2 1 603.976 437.562
1776131232805282227 9 2 2 603.951 396.269
1776131232805282227 9 2 3 564.487 395.694
1776131232972063232 10 0 0 1822.37 443.71
1776131232972063232 10 0 1 1860.62 441.578
1776131232972063232 10 0 2 1858.74 406.492
1776131232972063232 10 0 3 1820.78 408.352
1776131232972063232 9 2 0 564.512 437.22
1776131232972063232 9 2 1 603.836 437.601
1776131232972063232 9 2 2 604.178 396.207
1776131232972063232 9 2 3 564.303 395.662
1776131233272272705 10 0 0 1822.51 443.459
1776131233272272705 10 0 1 1860.36 442.105
1776131233272272705 10 0 2 1858.81 406.545
1776131233272272705 10 0 3 1821.15 408.32
1776131233272272705 9 2 0 564.649 437.152
1776131233272272705 9 2 1 603.768 437.553
1776131233272272705 9 2 2 604.088 396.265
1776131233272272705 9 2 3 564.275 395.613
1776131233439056641 10 0 0 1822.03 443.706
1776131233439056641 10 0 1 1860.3 441.782
1776131233439056641 10 0 2 1858.73 406.482
1776131233439056641 10 0 3 1821.44 408.471
1776131233439056641 9 2 0 564.436 437.115
1776131233439056641 9 2 1 603.641 437.684
1776131233439056641 9 2 2 604.077 396.237
1776131233439056641 9 2 3 564.393 395.662
1776131233472413330 10 0 0 1822.38 443.821
1776131233472413330 10 0 1 1860.3 441.817
1776131233472413330 10 0 2 1859.1 406.692
1776131233472413330 10 0 3 1821.09 408.233
1776131233472413330 9 2 0 564.343 436.986
1776131233472413330 9 2 1 603.894 437.771
1776131233472413330 9 2 2 603.947 396.3
1776131233472413330 9 2 3 564.355 395.651
1776131233572483643 10 0 0 1822.34 443.517
1776131233572483643 10 0 1 1860.46 442.013
1776131233572483643 10 0 2 1858.97 406.54
1776131233572483643 10 0 3 1820.97 408.375
1776131233572483643 9 2 0 564.375 437.075
1776131233572483643 9 2 1 603.784 437.628
1776131233572483643 9 2 2 604.2 396.244
1776131233572483643 9 2 3 564.328 395.656
1776131233739267578 10 0 0 1822.36 443.683
1776131233739267578 10 0 1 1860.23 442.083
1776131233739267578 10 0 2 1859 406.653
1776131233739267578 10 0 3 1821.11 408.332
1776131233739267578 9 2 0 564.395 437.169
1776131233739267578 9 2 1 603.804 437.491
1776131233739267578 9 2 2 604.24 396.275
1776131233739267578 9 2 3 564.59 395.548
1776131233972765137 10 0 0 1822.2 443.631
1776131233972765137 10 0 1 1860.29 441.985
1776131233972765137 10 0 2 1859.04 406.858
1776131233972765137 10 0 3 1821.33 408.206
1776131233972765137 9 2 0 564.522 437.078
1776131233972765137 9 2 1 603.819 437.703
1776131233972765137 9 2 2 604.171 396.187
1776131233972765137 9 2 3 564.306 395.728
1776131234172903564 10 0 0 1822.26 443.331
1776131234172903564 10 0 1 1860.16 441.911
1776131234172903564 10 0 2 1858.84 406.612
1776131234172903564 10 0 3 1821.22 408.397
1776131234172903564 9 2 0 564.527 437.053
1776131234172903564 9 2 1 603.811 437.595
1776131234172903564 9 2 2 604.064 396.22
1776131234172903564 9 2 3 564.394 395.775
1776131234206259766 10 0 0 1822.24 443.642
1776131234206259766 10 0 1 1860.29 442.042
1776131234206259766 10 0 2 1859.04 406.701
1776131234206259766 10 0 3 1821.24 408.172
1776131234206259766 9 2 0 564.364 437.103
1776131234206259766 9 2 1 603.653 437.689
1776131234206259766 9 2 2 604.056 396.316
1776131234206259766 9 2 3 564.407 395.69
1776131234339684570 10 0 0 1822.38 443.742
1776131234339684570 10 0 1 1860.45 441.924
1776131234339684570 10 0 2 1858.9 406.619
1776131234339684570 10 0 3 1821.27 408.323
1776131234339684570 9 2 0 564.334 437.078
1776131234339684570 9 2 1 603.725 437.626
1776131234339684570 9 2 2 604.167 396.16
1776131234339684570 9 2 3 564.484 395.781
1776131234473109375 10 0 0 1822.25 443.623
1776131234473109375 10 0 1 1860.22 441.895
1776131234473109375 10 0 2 1858.77 406.461
1776131234473109375 10 0 3 1821.18 408.365
1776131234473109375 9 2 0 564.587 437.036
1776131234473109375 9 2 1 603.773 437.655
1776131234473109375 9 2 2 603.977 396.168
1776131234473109375 9 2 3 564.368 395.782
1776131234639890381 10 0 0 1822.25 443.598
1776131234639890381 10 0 1 1860.34 441.922
1776131234639890381 10 0 2 1859.03 406.461
1776131234639890381 10 0 3 1821.41 408.309
1776131234639890381 9 2 0 564.498 436.994
1776131234639890381 9 2 1 603.781 437.655
1776131234639890381 9 2 2 604.051 396.327
1776131234639890381 9 2 3 564.33 395.637
1776131234906739990 10 0 0 1822.39 443.671
1776131234906739990 10 0 1 1860.17 442.127
1776131234906739990 10 0 2 1858.98 406.574
1776131234906739990 10 0 3 1820.9 408.285
1776131234906739990 9 2 0 564.322 437.09
1776131234906739990 9 2 1 603.77 437.703
1776131234906739990 9 2 2 604.149 396.087
1776131234906739990 9 2 3 564.393 395.767
1776131235073520996 10 0 0 1822.63 443.669
1776131235073520996 10 0 1 1860.27 441.831
1776131235073520996 10 0 2 1859.15 406.939
1776131235073520996 10 0 3 1820.61 408.168
1776131235073520996 9 2 0 564.432 437.197
1776131235073520996 9 2 1 603.788 437.616
1776131235073520996 9 2 2 603.956 396.131
1776131235073520996 9 2 3 564.364 395.72
1776131235106877441 10 0 0 1822.54 443.755
1776131235106877441 10 0 1 1860.38 442.019
1776131235106877441 10 0 2 1858.87 406.716
1776131235106877441 10 0 3 1821.07 408.077
1776131235106877441 9 2 0 564.439 436.965
1776131235106877441 9 2 1 603.823 437.703
1776131235106877441 9 2 2 604.055 396.183
1776131235106877441 9 2 3 564.367 395.641
1776131235240302734 10 0 0 1822.32 443.708
1776131235240302734 10 0 1 1860.45 441.907
1776131235240302734 10 0 2 1858.71 406.638
1776131235240302734 10 0 3 1821.16 408.254
1776131235240302734 9 2 0 564.566 437.204
1776131235240302734 9 2 1 603.855 437.646
1776131235240302734 9 2 2 603.99 396.221
1776131235240302734 9 2 3 564.189 395.706
1776131235507153564 10 0 0 1822.41 443.687
1776131235507153564 10 0 1 1860.22 441.784
1776131235507153564 10 0 2 1858.85 406.604
1776131235507153564 10 0 3 1821.07 408.295
1776131235507153564 9 2 0 564.153 437.17
1776131235507153564 9 2 1 603.776 437.546
1776131235507153564 9 2 2 604.094 396.243
1776131235507153564 9 2 3 564.5 395.629
1776131235707291748 10 0 0 1822.52 443.633
1776131235707291748 10 0 1 1860.25 441.853
1776131235707291748 10 0 2 1859 406.66
1776131235707291748 10 0 3 1820.96 408.3
1776131235707291748 9 2 0 564.482 437.15
1776131235707291748 9 2 1 603.818 437.623
1776131235707291748 9 2 2 604.078 396.208
1776131235707291748 9 2 3 564.293 395.624
1776131235840717041 10 0 0 1822.2 443.628
1776131235840717041 10 0 1 1860.34 442.217
1776131235840717041 10 0 2 1859.02 406.715
1776131235840717041 10 0 3 1821.24 408.196
1776131235840717041 9 2 0 564.461 437.184
1776131235840717041 9 2 1 603.754 437.602
1776131235840717041 9 2 2 604.074 396.22
1776131235840717041 9 2 3 564.233 395.742
1776131235874073486 10 0 0 1822.46 443.705
1776131235874073486 10 0 1 1860.29 441.848
1776131235874073486 10 0 2 1859.16 406.763
1776131235874073486 10 0 3 1820.96 408.218
1776131235874073486 9 2 0 564.445 437.123
1776131235874073486 9 2 1 603.739 437.664
1776131235874073486 9 2 2 604.198 396.103
1776131235874073486 9 2 3 564.419 395.688
1776131236107569580 10 0 0 1822.31 443.61
1776131236107569580 10 0 1 1860.09 441.636
1776131236107569580 10 0 2 1859.28 406.602
1776131236107569580 10 0 3 1821.39 408.463
1776131236107569580 9 2 0 564.274 437.158
1776131236107569580 9 2 1 603.951 437.63
1776131236107569580 9 2 2 603.876 396.248
1776131236107569580 9 2 3 564.413 395.673
1776131236307712891 10 0 0 1822.16 443.886
1776131236307712891 10 0 1 1860.33 441.844
1776131236307712891 10 0 2 1859.13 406.669
1776131236307712891 10 0 3 1821.23 408.211
1776131236307712891 9 2 0 564.44 437.056
1776131236307712891 9 2 1 603.85 437.688
1776131236307712891 9 2 2 604.097 396.312
1776131236307712891 9 2 3 564.462 395.685
1776131236407784424 10 0 0 1822.19 443.693
1776131236407784424 10 0 1 1860.23 441.824
1776131236407784424 10 0 2 1859.33 406.642
1776131236407784424 10 0 3 1821.14 408.307
1776131236407784424 9 2 0 564.345 437.091
1776131236407784424 9 2 1 603.834 437.632
1776131236407784424 9 2 2 604.044 396.209
1776131236407784424 9 2 3 564.542 395.697
1776131236607927979 10 0 0 1822.39 443.621
1776131236607927979 10 0 1 1860.29 442.063
1776131236607927979 10 0 2 1859.11 406.661
1776131236607927979 10 0 3 1821.02 408.331
1776131236607927979 9 2 0 564.394 437.117
1776131236607927979 9 2 1 603.681 437.669
1776131236607927979 9 2 2 604.002 396.291
1776131236607927979 9 2 3 564.234 395.686
1776131236707999756 10 0 0 1822.31 443.698
1776131236707999756 10 0 1 1859.94 441.954
1776131236707999756 10 0 2 1859.32 406.717
1776131236707999756 10 0 3 1821.32 408.34
1776131236707999756 9 2 0 564.503 436.966
1776131236707999756 9 2 1 603.9 437.71
1776131236707999756 9 2 2 603.941 396.187
1776131236707999756 9 2 3 564.297 395.703
1776131236874786377 10 0 0 1822.14 443.856
1776131236874786377 10 0 1 1860.15 441.844
1776131236874786377 10 0 2 1858.91 406.48
1776131236874786377 10 0 3 1821 408.336
1776131236874786377 9 2 0 564.536 437.092
1776131236874786377 9 2 1 603.858 437.493
1776131236874786377 9 2 2 604.057 396.196
1776131236874786377 9 2 3 564.378 395.712
1776131237074928711 10 0 0 1822.09 443.666
1776131237074928711 10 0 1 1860.43 441.99
1776131237074928711 10 0 2 1859.07 406.777
1776131237074928711 10 0 3 1821.17 408.331
1776131237074928711 9 2 0 564.449 437.005
1776131237074928711 9 2 1 603.859 437.687
1776131237074928711 9 2 2 604.04 396.142
1776131237074928711 9 2 3 564.45 395.778
1776131237208352539 10 0 0 1822.53 443.629
1776131237208352539 10 0 1 1860.27 441.926
1776131237208352539 10 0 2 1859.23 406.679
1776131237208352539 10 0 3 1820.96 408.218
1776131237208352539 9 2 0 564.411 437.098
1776131237208352539 9 2 1 603.685 437.63
1776131237208352539 9 2 2 604.137 396.187
1776131237208352539 9 2 3 564.503 395.756
1776131237241708496 10 0 0 1822.39 443.515
1776131237241708496 10 0 1 1860.05 441.736
1776131237241708496 10 0 2 1859.38 406.667
1776131237241708496 10 0 3 1820.95 408.51
1776131237241708496 9 2 0 564.58 437.052
1776131237241708496 9 2 1 603.856 437.748
1776131237241708496 9 2 2 603.998 396.179
1776131237241708496 9 2 3 564.256 395.839
1776131237375132324 10 0 0 1822.5 443.808
1776131237375132324 10 0 1 1860.19 441.952
1776131237375132324 10 0 2 1859.22 406.729
1776131237375132324 10 0 3 1821.25 408.402
1776131237375132324 9 2 0 564.354 437.116
1776131237375132324 9 2 1 603.893 437.592
1776131237375132324 9 2 2 604.004 396.126
1776131237375132324 9 2 3 564.353 395.775
1776131237541911865 10 0 0 1822.03 443.684
1776131237541911865 10 0 1 1860.38 441.904
1776131237541911865 10 0 2 1858.89 406.829
1776131237541911865 10 0 3 1821.35 408.113
1776131237541911865 9 2 0 564.397 437.019
1776131237541911865 9 2 1 603.834 437.638
1776131237541911865 9 2 2 604.019 396.149
1776131237541911865 9 2 3 564.399 395.705
1776131237808759033 9 2 0 564.421 437.141
1776131237808759033 9 2 1 603.702 437.679
1776131237808759033 9 2 2 604.098 396.265
1776131237808759033 9 2 3 564.408 395.732
1776131237975538330 9 2 0 564.337 437.017
1776131237975538330 9 2 1 603.872 437.722
1776131237975538330 9 2 2 604.066 396.262
1776131237975538330 9 2 3 564.382 395.613
1776131238008894287 9 2 0 564.437 437.058
1776131238008894287 9 2 1 603.838 437.657
1776131238008894287 9 2 2 604.195 396.202
1776131238008894287 9 2 3 564.336 395.78
1776131238108962646 9 2 0 564.469 437.111
1776131238108962646 9 2 1 603.873 437.561
1776131238108962646 9 2 2 604.018 396.265
1776131238108962646 9 2 3 564.337 395.676
1776131238275743652 9 2 0 564.479 437.06
1776131238275743652 9 2 1 603.745 437.707
1776131238275743652 9 2 2 604.083 396.242
1776131238275743652 9 2 3 564.425 395.713
1776131238509237305 9 2 0 564.436 437.114
1776131238509237305 9 2 1 603.759 437.618
1776131238509237305 9 2 2 604.118 396.166
1776131238509237305 9 2 3 564.373 395.795
1776131238676018555 9 2 0 564.507 437.17
1776131238676018555 9 2 1 603.798 437.62
1776131238676018555 9 2 2 604.106 396.262
1776131238676018555 9 2 3 564.308 395.704
1776131238842799805 9 2 0 564.461 437.112
1776131238842799805 9 2 1 603.629 437.731
1776131238842799805 9 2 2 604.082 396.242
1776131238842799805 9 2 3 564.422 395.695
1776131238942868408 9 2 0 564.592 437.246
1776131238942868408 9 2 1 603.85 437.601
1776131238942868408 9 2 2 604.021 396.259
1776131238942868408 9 2 3 564.344 395.632
1776131239109649170 9 2 0 564.37 437.203
1776131239109649170 9 2 1 603.743 437.597
1776131239109649170 9 2 2 604.018 396.234
1776131239109649170 9 2 3 564.339 395.715
1776131239276429199 9 2 0 564.538 437.176
1776131239276429199 9 2 1 603.796 437.587
1776131239276429199 9 2 2 604.095 396.311
1776131239276429199 9 2 3 564.375 395.568
1776131239409853271 9 2 0 564.448 437.05
1776131239409853271 9 2 1 603.85 437.635
1776131239409853271 9 2 2 603.968 396.135
1776131239409853271 9 2 3 564.469 395.707
1776131239576633057 9 2 0 564.391 437.025
1776131239576633057 9 2 1 603.641 437.639
1776131239576633057 9 2 2 604.123 396.306
1776131239576633057 9 2 3 564.415 395.618
1776131239710056885 9 2 0 564.466 437.063
1776131239710056885 9 2 1 603.765 437.629
1776131239710056885 9 2 2 604.042 396.253
1776131239710056885 9 2 3 564.383 395.709
1776131239843480713 9 2 0 564.43 437.13
1776131239843480713 9 2 1 603.881 437.643
1776131239843480713 9 2 2 603.944 396.264
1776131239843480713 9 2 3 564.337 395.673
1776131239976904541 9 2 0 564.277 437.134
1776131239976904541 9 2 1 603.755 437.651
1776131239976904541 9 2 2 604.057 396.227
1776131239976904541 9 2 3 564.411 395.757
1776131240010260254 9 2 0 564.425 437.212
1776131240010260254 9 2 1 603.718 437.602
1776131240010260254 9 2 2 604.202 396.243
1776131240010260254 9 2 3 564.371 395.655
1776131240143686035 9 2 0 564.397 437.094
1776131240143686035 9 2 1 603.839 437.608
1776131240143686035 9 2 2 604.089 396.184
1776131240143686035 9 2 3 564.274 395.703
1776131240377182617 9 2 0 564.506 437.169
1776131240377182617 9 2 1 603.744 437.447
1776131240377182617 9 2 2 603.979 396.212
1776131240377182617 9 2 3 564.328 395.724
1776131240577322510 9 2 0 564.439 437.032
1776131240577322510 9 2 1 603.844 437.792
1776131240577322510 9 2 2 604.011 396.181
1776131240577322510 9 2 3 564.309 395.763
1776131240710749268 9 2 0 564.492 437.163
1776131240710749268 9 2 1 603.795 437.643
1776131240710749268 9 2 2 604.015 396.279
1776131240710749268 9 2 3 564.261 395.625
1776131240744105957 9 2 0 564.467 437.132
1776131240744105957 9 2 1 603.719 437.675
1776131240744105957 9 2 2 604.149 396.226
1776131240744105957 9 2 3 564.349 395.663
1776131240977603027 9 2 0 564.42 437.019
1776131240977603027 9 2 1 603.753 437.663
1776131240977603027 9 2 2 604.212 396.181
1776131240977603027 9 2 3 564.395 395.766
1776131241144384766 9 2 0 564.496 437.257
1776131241144384766 9 2 1 603.807 437.697
1776131241144384766 9 2 2 604.118 396.213
1776131241144384766 9 2 3 564.261 395.791
1776131241244453125 9 2 0 564.348 437.149
1776131241244453125 9 2 1 603.747 437.585
1776131241244453125 9 2 2 604.066 396.245
1776131241244453125 9 2 3 564.616 395.785
1776131241411233643 9 2 0 564.502 437.146
1776131241411233643 9 2 1 603.845 437.674
1776131241411233643 9 2 2 604.091 396.231
1776131241411233643 9 2 3 564.37 395.674
1776131241544657959 9 2 0 564.385 437.068
1776131241544657959 9 2 1 603.683 437.597
1776131241544657959 9 2 2 604.189 396.222
1776131241544657959 9 2 3 564.605 395.708
1776131241711438477 9 2 0 564.479 437.091
1776131241711438477 9 2 1 603.701 437.573
1776131241711438477 9 2 2 604.169 396.285
1776131241711438477 9 2 3 564.312 395.732
1776131241811506592 9 2 0 564.435 437.055
1776131241811506592 9 2 1 603.908 437.715
1776131241811506592 9 2 2 603.982 396.295
1776131241811506592 9 2 3 564.438 395.753
1776131241978286865 9 2 0 564.487 437.153
1776131241978286865 9 2 1 603.887 437.56
1776131241978286865 9 2 2 604.103 396.149
1776131241978286865 9 2 3 564.205 395.69
1776131242011642822 9 2 0 564.488 437.021
1776131242011642822 9 2 1 603.682 437.706
1776131242011642822 9 2 2 604.226 396.287
1776131242011642822 9 2 3 564.179 395.653
1776131242145070313 9 2 0 564.433 437.2
1776131242145070313 9 2 1 603.812 437.554
1776131242145070313 9 2 2 604.053 396.328
1776131242145070313 9 2 3 564.223 395.669
1776131242378570068 9 2 0 564.416 437.157
1776131242378570068 9 2 1 603.942 437.637
1776131242378570068 9 2 2 603.965 396.31
1776131242378570068 9 2 3 564.375 395.677
1776131242578712891 9 2 0 564.4 437.109
1776131242578712891 9 2 1 603.437 437.607
1776131242578712891 9 2 2 604.259 396.268
1776131242578712891 9 2 3 564.424 395.648
1776131242612070068 9 2 0 564.379 437.117
1776131242612070068 9 2 1 603.867 437.608
1776131242612070068 9 2 2 604.041 396.144
1776131242612070068 9 2 3 564.3 395.742
1776131242712141602 9 2 0 564.5 437.072
1776131242712141602 9 2 1 603.666 437.562
1776131242712141602 9 2 2 604.128 396.246
1776131242712141602 9 2 3 564.355 395.665
1776131242878927490 9 2 0 564.443 437.05
1776131242878927490 9 2 1 603.741 437.612
1776131242878927490 9 2 2 604.006 396.298
1776131242878927490 9 2 3 564.332 395.616
1776131243112427734 9 2 0 564.584 437.243
1776131243112427734 9 2 1 603.864 437.63
1776131243112427734 9 2 2 603.89 396.285
1776131243112427734 9 2 3 564.165 395.745
1776131243279213623 9 2 0 564.499 437.307
1776131243279213623 9 2 1 603.684 437.566
1776131243279213623 9 2 2 604.219 396.42
1776131243279213623 9 2 3 564.237 395.59
1776131243312570801 9 2 0 564.402 437.219
1776131243312570801 9 2 1 603.824 437.568
1776131243312570801 9 2 2 604.085 396.242
1776131243312570801 9 2 3 564.345 395.648
1776131243445999756 9 2 0 564.409 437.09
1776131243445999756 9 2 1 603.791 437.778
1776131243445999756 9 2 2 603.969 396.339
1776131243445999756 9 2 3 564.278 395.723
1776131243712857422 9 2 0 564.481 437.25
1776131243712857422 9 2 1 603.829 437.55
1776131243712857422 9 2 2 603.944 396.427
1776131243712857422 9 2 3 564.089 395.582
1776131244513430420 9 2 0 564.449 437.119
1776131244513430420 9 2 1 603.768 437.742
1776131244513430420 9 2 2 603.978 396.191
1776131244513430420 9 2 3 564.399 395.765
1776131244546787598 9 2 0 564.401 437.056
1776131244546787598 9 2 1 603.553 437.732
1776131244546787598 9 2 2 604.199 396.275
1776131244546787598 9 2 3 564.346 395.682
1776131244680216553 9 2 0 564.483 437.112
1776131244680216553 9 2 1 603.926 437.567
1776131244680216553 9 2 2 604.058 396.248
1776131244680216553 9 2 3 564.525 395.735
1776131244947074707 10 0 0 1822.15 443.58
1776131244947074707 10 0 1 1860.16 441.849
1776131244947074707 10 0 2 1859.09 406.681
1776131244947074707 10 0 3 1821.21 408.308
1776131244947074707 9 2 0 564.384 437.091
1776131244947074707 9 2 1 604.005 437.711
1776131244947074707 9 2 2 603.902 396.271
1776131244947074707 9 2 3 564.311 395.777
1776131245113860352 10 0 0 1822.65 443.408
1776131245113860352 10 0 1 1860.3 441.986
1776131245113860352 10 0 2 1858.8 406.775
1776131245113860352 10 0 3 1820.91 408.39
1776131245113860352 9 2 0 564.413 437.084
1776131245113860352 9 2 1 603.814 437.676
1776131245113860352 9 2 2 604.029 396.218
1776131245113860352 9 2 3 564.449 395.789
1776131245147216553 10 0 0 1822.11 443.763
1776131245147216553 10 0 1 1860.38 441.792
1776131245147216553 10 0 2 1858.96 406.696
1776131245147216553 10 0 3 1821.11 408.22
1776131245147216553 9 2 0 564.427 437.052
1776131245147216553 9 2 1 603.817 437.721
1776131245147216553 9 2 2 604.075 396.193
1776131245147216553 9 2 3 564.4 395.757
1776131245380710693 10 0 0 1822.32 443.6
1776131245380710693 10 0 1 1860.21 441.721
1776131245380710693 10 0 2 1858.98 406.468
1776131245380710693 10 0 3 1821.16 408.355
1776131245380710693 9 2 0 564.438 437.133
1776131245380710693 9 2 1 603.861 437.733
1776131245380710693 9 2 2 604.012 396.177
1776131245380710693 9 2 3 564.422 395.704
1776131245580848633 10 0 0 1822.51 443.76
1776131245580848633 10 0 1 1860.33 441.825
1776131245580848633 10 0 2 1859.46 406.852
1776131245580848633 10 0 3 1820.93 408.359
1776131245580848633 9 2 0 564.549 437.053
1776131245580848633 9 2 1 603.686 437.732
1776131245580848633 9 2 2 604.162 396.234
1776131245580848633 9 2 3 564.277 395.646
1776131245680917725 10 0 0 1822.31 443.636
1776131245680917725 10 0 1 1860.38 442.002
1776131245680917725 10 0 2 1858.99 406.522
1776131245680917725 10 0 3 1821.03 408.31
1776131245680917725 9 2 0 564.391 437.154
1776131245680917725 9 2 1 603.734 437.619
1776131245680917725 9 2 2 603.999 396.24
1776131245680917725 9 2 3 564.377 395.769
1776131245881055664 10 0 0 1822.43 443.471
1776131245881055664 10 0 1 1860.28 442.028
1776131245881055664 10 0 2 1859.05 406.963
1776131245881055664 10 0 3 1820.91 408.176
1776131245881055664 9 2 0 564.397 437.105
1776131245881055664 9 2 1 603.822 437.616
1776131245881055664 9 2 2 604.102 396.222
1776131245881055664 9 2 3 564.406 395.796
1776131246014480957 10 0 0 1822.4 443.803
1776131246014480957 10 0 1 1860.51 441.837
1776131246014480957 10 0 2 1858.98 406.558
1776131246014480957 10 0 3 1821.28 408.589
1776131246014480957 9 2 0 564.452 436.954
1776131246014480957 9 2 1 603.855 437.783
1776131246014480957 9 2 2 604.036 396.297
1776131246014480957 9 2 3 564.473 395.646
1776131246181261475 10 0 0 1822.37 443.709
1776131246181261475 10 0 1 1860.18 442.108
1776131246181261475 10 0 2 1859.24 406.653
1776131246181261475 10 0 3 1821.14 408.372
1776131246181261475 9 2 0 564.401 436.985
1776131246181261475 9 2 1 603.832 437.65
1776131246181261475 9 2 2 604.076 396.195
1776131246181261475 9 2 3 564.42 395.816
1776131246314685059 9 2 0 564.444 437.167
1776131246314685059 9 2 1 603.921 437.572
1776131246314685059 9 2 2 603.969 396.301
1776131246314685059 9 2 3 564.375 395.688
1776131246514820557 9 2 0 564.477 437.193
1776131246514820557 9 2 1 603.814 437.583
1776131246514820557 9 2 2 604.008 396.127
1776131246514820557 9 2 3 564.383 395.853
1776131246648243896 9 2 0 564.375 437.046
1776131246648243896 9 2 1 603.713 437.67
1776131246648243896 9 2 2 604.116 396.257
1776131246648243896 9 2 3 564.363 395.748
1776131246681599854 9 2 0 564.426 437.066
1776131246681599854 9 2 1 603.739 437.619
1776131246681599854 9 2 2 604.044 396.18
1776131246681599854 9 2 3 564.422 395.672
1776131246815023193 9 2 0 564.608 437.051
1776131246815023193 9 2 1 603.728 437.646
1776131246815023193 9 2 2 604.061 396.244
1776131246815023193 9 2 3 564.261 395.817
1776131247048513916 9 2 0 564.475 437.164
1776131247048513916 9 2 1 603.918 437.626
1776131247048513916 9 2 2 603.948 396.291
1776131247048513916 9 2 3 564.4 395.66
1776131247215298584 9 2 0 564.469 437.165
1776131247215298584 9 2 1 603.866 437.681
1776131247215298584 9 2 2 603.888 396.229
1776131247215298584 9 2 3 564.226 395.74
1776131247248656006 9 2 0 564.436 437.172
1776131247248656006 9 2 1 603.813 437.555
1776131247248656006 9 2 2 604.201 396.37
1776131247248656006 9 2 3 564.295 395.699
1776131247382084961 9 2 0 564.443 437.001
1776131247382084961 9 2 1 603.677 437.655
1776131247382084961 9 2 2 604.167 396.208
1776131247382084961 9 2 3 564.402 395.739
1776131247615585938 9 2 0 564.506 437.11
1776131247615585938 9 2 1 603.766 437.564
1776131247615585938 9 2 2 604.109 396.195
1776131247615585938 9 2 3 564.29 395.756
1776131247815729980 9 2 0 564.457 437.107
1776131247815729980 9 2 1 603.817 437.769
1776131247815729980 9 2 2 604.138 396.349
1776131247815729980 9 2 3 564.42 395.598
1776131247849087158 9 2 0 564.461 437.14
1776131247849087158 9 2 1 603.803 437.607
1776131247849087158 9 2 2 604.092 396.223
1776131247849087158 9 2 3 564.286 395.751
1776131247949159180 9 2 0 564.38 437.285
1776131247949159180 9 2 1 603.75 437.461
1776131247949159180 9 2 2 604.129 396.241
1776131247949159180 9 2 3 564.278 395.777
1776131248115944824 9 2 0 564.502 437.133
1776131248115944824 9 2 1 603.787 437.619
1776131248115944824 9 2 2 604.014 396.158
1776131248115944824 9 2 3 564.392 395.828
1776131248416148682 9 2 0 564.442 437.101
1776131248416148682 9 2 1 603.731 437.618
1776131248416148682 9 2 2 604.14 396.325
1776131248416148682 9 2 3 564.338 395.677
1776131248549572754 9 2 0 564.411 437.145
1776131248549572754 9 2 1 603.908 437.55
1776131248549572754 9 2 2 604.111 396.184
1776131248549572754 9 2 3 564.282 395.744
1776131248682996582 10 0 0 1822.42 443.732
1776131248682996582 10 0 1 1860.26 441.782
1776131248682996582 10 0 2 1858.95 406.738
1776131248682996582 10 0 3 1820.79 408.37
1776131248682996582 9 2 0 564.443 437.016
1776131248682996582 9 2 1 603.756 437.652
1776131248682996582 9 2 2 604.029 396.266
1776131248682996582 9 2 3 564.281 395.743
1776131248716352539 10 0 0 1822.32 443.783
1776131248716352539 10 0 1 1860.59 441.744
1776131248716352539 10 0 2 1858.81 406.831
1776131248716352539 10 0 3 1821.47 408.111
1776131248716352539 9 2 0 564.379 437.082
1776131248716352539 9 2 1 603.739 437.568
1776131248716352539 9 2 2 604.164 396.345
1776131248716352539 9 2 3 564.317 395.666
1776131248816420410 10 0 0 1822.25 443.792
1776131248816420410 10 0 1 1860.05 442.005
1776131248816420410 10 0 2 1859.59 406.437
1776131248816420410 10 0 3 1821.34 408.472
1776131248816420410 9 2 0 564.476 437.208
1776131248816420410 9 2 1 603.827 437.655
1776131248816420410 9 2 2 603.981 396.361
1776131248816420410 9 2 3 564.366 395.629
1776131248983199951 10 0 0 1822.32 443.307
1776131248983199951 10 0 1 1860.28 442.046
1776131248983199951 10 0 2 1859.04 406.675
1776131248983199951 10 0 3 1820.89 408.445
1776131248983199951 9 2 0 564.42 436.951
1776131248983199951 9 2 1 603.746 437.823
1776131248983199951 9 2 2 604.225 396.303
1776131248983199951 9 2 3 564.301 395.771
1776131249250053955 10 0 0 1822.63 443.646
1776131249250053955 10 0 1 1860.26 441.839
1776131249250053955 10 0 2 1859.08 407.005
1776131249250053955 10 0 3 1820.96 408.159
1776131249250053955 9 2 0 564.385 437.152
1776131249250053955 9 2 1 603.743 437.657
1776131249250053955 9 2 2 604.075 396.179
1776131249250053955 9 2 3 564.375 395.728
1776131249450197510 10 0 0 1822.25 443.883
1776131249450197510 10 0 1 1860.05 441.895
1776131249450197510 10 0 2 1859.43 406.783
1776131249450197510 10 0 3 1821.13 408.215
1776131249450197510 9 2 0 564.349 437.233
1776131249450197510 9 2 1 603.748 437.603
1776131249450197510 9 2 2 604.168 396.365
1776131249450197510 9 2 3 564.334 395.603
1776131249550269531 10 0 0 1822.17 443.573
1776131249550269531 10 0 1 1860.2 441.93
1776131249550269531 10 0 2 1859.16 406.88
1776131249550269531 10 0 3 1821.12 408.275
1776131249550269531 9 2 0 564.573 437.167
1776131249550269531 9 2 1 603.766 437.579
1776131249550269531 9 2 2 604.137 396.236
1776131249550269531 9 2 3 564.224 395.727
1776131249750413574 10 0 0 1822.35 443.63
1776131249750413574 10 0 1 1860.34 441.87
1776131249750413574 10 0 2 1859.11 406.709
1776131249750413574 10 0 3 1821.06 408.389
1776131249750413574 9 2 0 564.516 437.222
1776131249750413574 9 2 1 603.786 437.614
1776131249750413574 9 2 2 603.947 396.261
1776131249750413574 9 2 3 564.335 395.737
1776131249783770752 10 0 0 1822.5 443.565
1776131249783770752 10 0 1 1860.4 441.955
1776131249783770752 10 0 2 1859.14 406.827
1776131249783770752 10 0 3 1820.89 408.088
1776131249783770752 9 2 0 564.402 437.156
1776131249783770752 9 2 1 603.813 437.624
1776131249783770752 9 2 2 604.135 396.137
1776131249783770752 9 2 3 564.57 395.776
1776131250017272461 10 0 0 1822.05 443.642
1776131250017272461 10 0 1 1860.5 442.059
1776131250017272461 10 0 2 1859.11 406.587
1776131250017272461 10 0 3 1821 408.259
1776131250017272461 9 2 0 564.411 437.083
1776131250017272461 9 2 1 603.797 437.666
1776131250017272461 9 2 2 604.069 396.248
1776131250017272461 9 2 3 564.425 395.703
1776131250217410400 10 0 0 1822.34 443.83
1776131250217410400 10 0 1 1860.33 441.666
1776131250217410400 10 0 2 1859.02 406.696
1776131250217410400 10 0 3 1821.24 408.228
1776131250217410400 9 2 0 564.497 437.117
1776131250217410400 9 2 1 603.754 437.651
1776131250217410400 9 2 2 604.096 396.242
1776131250217410400 9 2 3 564.251 395.694
1776131250250766113 10 0 0 1822.28 443.764
1776131250250766113 10 0 1 1860.53 442.12
1776131250250766113 10 0 2 1858.99 406.521
1776131250250766113 10 0 3 1821.17 408.251
1776131250250766113 9 2 0 564.503 437.126
1776131250250766113 9 2 1 603.703 437.699
1776131250250766113 9 2 2 604.086 396.269
1776131250250766113 9 2 3 564.303 395.787
1776131250484256592 10 0 0 1822.42 443.651
1776131250484256592 10 0 1 1860.43 441.797
1776131250484256592 10 0 2 1859.05 406.645
1776131250484256592 10 0 3 1821.37 408.478
1776131250484256592 9 2 0 564.463 437.121
1776131250484256592 9 2 1 603.842 437.649
1776131250484256592 9 2 2 603.929 396.189
1776131250484256592 9 2 3 564.304 395.735
1776131250684391113 10 0 0 1822.51 443.453
1776131250684391113 10 0 1 1860.45 441.925
1776131250684391113 10 0 2 1858.89 406.59
1776131250684391113 10 0 3 1820.85 408.322
1776131250684391113 9 2 0 564.43 437.123
1776131250684391113 9 2 1 603.801 437.726
1776131250684391113 9 2 2 603.982 396.215
1776131250684391113 9 2 3 564.26 395.716
1776131250784458252 10 0 0 1822.16 443.827
1776131250784458252 10 0 1 1860.21 441.876
1776131250784458252 10 0 2 1859.17 406.828
1776131250784458252 10 0 3 1821.31 408.184
1776131250784458252 9 2 0 564.539 437.184
1776131250784458252 9 2 1 603.774 437.596
1776131250784458252 9 2 2 604.178 396.259
1776131250784458252 9 2 3 564.264 395.649
1776131250951236816 10 0 0 1822.67 443.529
1776131250951236816 10 0 1 1860.01 442.014
1776131250951236816 10 0 2 1859.23 406.721
1776131250951236816 10 0 3 1821.04 408.43
1776131250951236816 9 2 0 564.216 437.11
1776131250951236816 9 2 1 603.805 437.666
1776131250951236816 9 2 2 604.038 396.208
1776131250951236816 9 2 3 564.41 395.594
1776131251151371094 10 0 0 1822.12 443.764
1776131251151371094 10 0 1 1860.33 441.937
1776131251151371094 10 0 2 1859.21 406.436
1776131251151371094 10 0 3 1821.4 408.441
1776131251151371094 9 2 0 564.578 437.253
1776131251151371094 9 2 1 603.563 437.504
1776131251151371094 9 2 2 604.146 396.346
1776131251151371094 9 2 3 564.241 395.62
1776131251251438477 10 0 0 1822.24 443.468
1776131251251438477 10 0 1 1860.26 442.069
1776131251251438477 10 0 2 1858.87 406.648
1776131251251438477 10 0 3 1821.44 408.347
1776131251251438477 9 2 0 564.321 437.141
1776131251251438477 9 2 1 603.895 437.555
1776131251251438477 9 2 2 603.979 396.207
1776131251251438477 9 2 3 564.455 395.888
1776131251418217529 10 0 0 1822.47 443.751
1776131251418217529 10 0 1 1860.1 441.843
1776131251418217529 10 0 2 1859.09 406.781
1776131251418217529 10 0 3 1821.17 408.536
1776131251418217529 9 2 0 564.22 437.073
1776131251418217529 9 2 1 603.681 437.668
1776131251418217529 9 2 2 604.226 396.245
1776131251418217529 9 2 3 564.393 395.663
1776131251618352051 10 0 0 1822.39 443.872
1776131251618352051 10 0 1 1860.04 441.833
1776131251618352051 10 0 2 1859.43 406.567
1776131251618352051 10 0 3 1820.83 408.389
1776131251618352051 9 2 0 564.396 437.147
1776131251618352051 9 2 1 603.776 437.59
1776131251618352051 9 2 2 604.097 396.259
1776131251618352051 9 2 3 564.394 395.714
1776131251651707764 10 0 0 1822.53 443.709
1776131251651707764 10 0 1 1860.27 441.933
1776131251651707764 10 0 2 1859.33 406.987
1776131251651707764 10 0 3 1821.14 408.256
1776131251651707764 9 2 0 564.458 437.19
1776131251651707764 9 2 1 603.709 437.546
1776131251651707764 9 2 2 604.05 396.302
1776131251651707764 9 2 3 564.234 395.674
1776131251751774902 9 2 0 564.36 437.187
1776131251751774902 9 2 1 603.796 437.502
1776131251751774902 9 2 2 604.115 396.255
1776131251751774902 9 2 3 564.424 395.657
1776131251918553467 9 2 0 564.467 437.015
1776131251918553467 9 2 1 603.763 437.688
1776131251918553467 9 2 2 603.963 396.161
1776131251918553467 9 2 3 564.278 395.717
1776131252085331787 9 2 0 564.416 437.142
1776131252085331787 9 2 1 603.835 437.549
1776131252085331787 9 2 2 604.075 396.412
1776131252085331787 9 2 3 564.393 395.605
1776131252352191650 9 2 0 564.441 437.123
1776131252352191650 9 2 1 603.819 437.548
1776131252352191650 9 2 2 604.089 396.26
1776131252352191650 9 2 3 564.378 395.615
1776131252518979492 10 0 0 1822.52 443.742
1776131252518979492 10 0 1 1860.59 442.047
1776131252518979492 10 0 2 1858.51 406.785
1776131252518979492 10 0 3 1821.15 408.258
1776131252518979492 9 2 0 564.533 437.053
1776131252518979492 9 2 1 603.826 437.601
1776131252518979492 9 2 2 604.121 396.137
1776131252518979492 9 2 3 564.229 395.661
1776131252552336914 10 0 0 1822.29 443.828
1776131252552336914 10 0 1 1860.16 442.013
1776131252552336914 10 0 2 1859.28 406.548
1776131252552336914 10 0 3 1821.41 408.461
1776131252552336914 9 2 0 564.23 437.1
1776131252552336914 9 2 1 603.79 437.492
1776131252552336914 9 2 2 604.061 396.344
1776131252552336914 9 2 3 564.467 395.629
1776131252685767334 10 0 0 1822.41 443.511
1776131252685767334 10 0 1 1860.21 442.175
1776131252685767334 10 0 2 1859.23 406.633
1776131252685767334 10 0 3 1820.97 408.516
1776131252685767334 9 2 0 564.378 437.088
1776131252685767334 9 2 1 603.738 437.704
1776131252685767334 9 2 2 604.071 396.207
1776131252685767334 9 2 3 564.488 395.781
1776131252952628418 10 0 0 1822.55 443.634
1776131252952628418 10 0 1 1860.23 441.823
1776131252952628418 10 0 2 1859.05 406.789
1776131252952628418 10 0 3 1820.93 408.435
1776131252952628418 9 2 0 564.401 437.047
1776131252952628418 9 2 1 603.856 437.775
1776131252952628418 9 2 2 603.911 396.259
1776131252952628418 9 2 3 564.38 395.651
1776131253152770508 10 0 0 1822.63 443.676
1776131253152770508 10 0 1 1860.18 442.131
1776131253152770508 10 0 2 1859.14 406.728
1776131253152770508 10 0 3 1820.95 408.413
1776131253152770508 9 2 0 564.5 437.131
1776131253152770508 9 2 1 603.733 437.597
1776131253152770508 9 2 2 604.175 396.285
1776131253152770508 9 2 3 564.365 395.569
1776131253252837402 10 0 0 1822.3 443.42
1776131253252837402 10 0 1 1860.28 442.209
1776131253252837402 10 0 2 1859.03 406.745
1776131253252837402 10 0 3 1821.27 408.24
1776131253452970703 10 0 0 1822.46 443.601
1776131253452970703 10 0 1 1860.26 441.836
1776131253452970703 10 0 2 1858.95 406.895
1776131253452970703 10 0 3 1821.11 408.184
1776131253553037354 10 0 0 1822.41 443.728
1776131253553037354 10 0 1 1860.21 441.947
1776131253553037354 10 0 2 1858.82 406.774
1776131253553037354 10 0 3 1821.16 408.411
1776131253719814941 10 0 0 1822.51 443.594
1776131253719814941 10 0 1 1860.15 442.068
1776131253719814941 10 0 2 1859.28 406.568
1776131253719814941 10 0 3 1821.16 408.556
1776131253853236816 10 0 0 1822.31 443.429
1776131253853236816 10 0 1 1860.22 442.26
1776131253853236816 10 0 2 1859.14 406.949
1776131253853236816 10 0 3 1821.21 408.21
1776131254020014160 10 0 0 1822.43 443.563
1776131254020014160 10 0 1 1860.36 441.854
1776131254020014160 10 0 2 1859.05 406.562
1776131254020014160 10 0 3 1821.02 408.49
1776131254120080811 10 0 0 1822.24 443.7
1776131254120080811 10 0 1 1860.41 442.02
1776131254120080811 10 0 2 1858.93 406.688
1776131254120080811 10 0 3 1821.23 408.348
1776131254120080811 9 2 0 564.486 437.213
1776131254120080811 9 2 1 603.688 437.629
1776131254120080811 9 2 2 603.952 396.314
1776131254120080811 9 2 3 564.336 395.628
1776131254286859619 10 0 0 1822.08 443.717
1776131254286859619 10 0 1 1860.48 441.914
1776131254286859619 10 0 2 1859.15 406.66
1776131254286859619 10 0 3 1821.41 408.341
1776131254320215332 10 0 0 1822.22 443.703
1776131254320215332 10 0 1 1860.29 442.091
1776131254320215332 10 0 2 1859.18 406.784
1776131254320215332 10 0 3 1821.28 408.113
1776131254553705566 10 0 0 1822.17 443.752
1776131254553705566 10 0 1 1860.37 441.984
1776131254553705566 10 0 2 1859.19 406.828
1776131254553705566 10 0 3 1821.06 408.269
1776131254753839600 10 0 0 1822.53 443.627
1776131254753839600 10 0 1 1860.41 442.029
1776131254753839600 10 0 2 1858.97 406.815
1776131254753839600 10 0 3 1821.09 408.223
1776131254853906738 10 0 0 1822.2 443.783
1776131254853906738 10 0 1 1860.37 441.86
1776131254853906738 10 0 2 1859.22 406.767
1776131254853906738 10 0 3 1821.17 408.439
1776131255020684814 10 0 0 1822.66 443.585
1776131255020684814 10 0 1 1860.32 441.874
1776131255020684814 10 0 2 1859.31 406.586
1776131255020684814 10 0 3 1821.1 408.319
1776131255020684814 9 2 0 564.467 437.205
1776131255020684814 9 2 1 603.834 437.604
1776131255020684814 9 2 2 603.884 396.185
1776131255020684814 9 2 3 564.223 395.804
1776131255120751709 10 0 0 1822.36 443.835
1776131255120751709 10 0 1 1860.2 441.973
1776131255120751709 10 0 2 1859.19 406.643
1776131255120751709 10 0 3 1821.05 408.285
1776131255120751709 9 2 0 564.391 437.086
1776131255120751709 9 2 1 603.898 437.673
1776131255120751709 9 2 2 604.033 396.332
1776131255120751709 9 2 3 564.317 395.681
1776131255320885254 10 0 0 1822.34 443.722
1776131255320885254 10 0 1 1860.49 441.883
1776131255320885254 10 0 2 1859.08 406.535
1776131255320885254 10 0 3 1821.26 408.404
1776131255320885254 9 2 0 564.471 437.006
1776131255320885254 9 2 1 603.666 437.729
1776131255320885254 9 2 2 603.936 396.223
1776131255320885254 9 2 3 564.444 395.725
1776131255420951904 10 0 0 1822.51 443.747
1776131255420951904 10 0 1 1860.47 441.704
1776131255420951904 10 0 2 1858.86 406.819
1776131255420951904 10 0 3 1821.12 408.39
1776131255420951904 9 2 0 564.48 437.064
1776131255420951904 9 2 1 603.903 437.688
1776131255420951904 9 2 2 604.026 396.277
1776131255420951904 9 2 3 564.347 395.676
1776131255587729492 10 0 0 1822.25 443.762
1776131255587729492 10 0 1 1860.27 441.979
1776131255587729492 10 0 2 1859.01 406.733
1776131255587729492 10 0 3 1821.18 408.082
1776131255787862549 10 0 0 1822.55 443.701
1776131255787862549 10 0 1 1860.24 441.963
1776131255787862549 10 0 2 1859.03 406.913
1776131255787862549 10 0 3 1821.12 408.253
1776131255887928955 10 0 0 1822.64 443.446
1776131255887928955 10 0 1 1860.23 442.18
1776131255887928955 10 0 2 1859.17 406.806
1776131255887928955 10 0 3 1821.35 408.267
1776131256088061523 10 0 0 1822.29 443.468
1776131256088061523 10 0 1 1860.13 442.146
1776131256088061523 10 0 2 1859.18 406.557
1776131256088061523 10 0 3 1821 408.379
1776131256221484375 10 0 0 1822.41 443.721
1776131256221484375 10 0 1 1859.86 441.886
1776131256221484375 10 0 2 1859.62 406.694
1776131256221484375 10 0 3 1821.21 408.296
1776131256254840088 10 0 0 1822.34 443.632
1776131256254840088 10 0 1 1860.21 442.138
1776131256254840088 10 0 2 1859 406.633
1776131256254840088 10 0 3 1820.96 408.266
1776131256388262939 10 0 0 1822.59 443.767
1776131256388262939 10 0 1 1860.41 441.746
1776131256388262939 10 0 2 1859.14 406.712
1776131256388262939 10 0 3 1820.85 408.445
1776131256555041504 10 0 0 1822.02 443.637
1776131256555041504 10 0 1 1860.48 441.874
1776131256555041504 10 0 2 1859.07 406.815
1776131256555041504 10 0 3 1821.52 408.353
1776131256821886719 10 0 0 1822.42 443.947
1776131256821886719 10 0 1 1860.4 441.824
1776131256821886719 10 0 2 1859.04 406.817
1776131256821886719 10 0 3 1821.05 408.258
1776131256955309082 10 0 0 1822.22 443.683
1776131256955309082 10 0 1 1860.13 442.129
1776131256955309082 10 0 2 1858.96 406.438
1776131256955309082 10 0 3 1821.21 408.39
1776131257122087402 10 0 0 1822.45 443.414
1776131257122087402 10 0 1 1860.34 442.23
1776131257122087402 10 0 2 1859.08 406.811
1776131257122087402 10 0 3 1821.21 408.349
1776131257155443115 10 0 0 1822.49 443.748
1776131257155443115 10 0 1 1860.52 441.862
1776131257155443115 10 0 2 1858.98 406.694
1776131257155443115 10 0 3 1821.06 408.332
1776131257288865967 10 0 0 1822.33 443.8
1776131257288865967 10 0 1 1860.32 442.056
1776131257288865967 10 0 2 1858.8 406.486
1776131257288865967 10 0 3 1821.12 408.461
1776131257288865967 9 2 0 564.561 437.133
1776131257288865967 9 2 1 603.65 437.624
1776131257288865967 9 2 2 604.12 396.244
1776131257288865967 9 2 3 564.252 395.83
1776131257455644775 10 0 0 1822.3 443.868
1776131257455644775 10 0 1 1860.04 441.968
1776131257455644775 10 0 2 1859.2 406.76
1776131257455644775 10 0 3 1821.38 408.418
1776131257455644775 9 2 0 564.336 437.253
1776131257455644775 9 2 1 603.85 437.568
1776131257455644775 9 2 2 604.066 396.282
1776131257455644775 9 2 3 564.239 395.597
1776131257689134521 10 0 0 1822.11 443.69
1776131257689134521 10 0 1 1860.41 441.936
1776131257689134521 10 0 2 1858.92 406.978
1776131257689134521 10 0 3 1821.26 408.119
1776131257689134521 9 2 0 564.453 437.029
1776131257689134521 9 2 1 603.797 437.64
1776131257689134521 9 2 2 604.151 396.228
1776131257689134521 9 2 3 564.338 395.703
1776131257922624268 10 0 0 1822.15 443.546
1776131257922624268 10 0 1 1860.37 442.021
1776131257922624268 10 0 2 1859.02 406.574
1776131257922624268 10 0 3 1821.25 408.526
1776131257922624268 9 2 0 564.539 437.188
1776131257922624268 9 2 1 603.806 437.698
1776131257922624268 9 2 2 603.979 396.335
1776131257922624268 9 2 3 564.262 395.59
1776131258056046631 10 0 0 1822.14 443.889
1776131258056046631 10 0 1 1860.2 441.945
1776131258056046631 10 0 2 1859.13 406.932
1776131258056046631 10 0 3 1821.27 408.158
1776131258056046631 9 2 0 564.359 436.987
1776131258056046631 9 2 1 603.827 437.703
1776131258056046631 9 2 2 604.01 396.244
1776131258056046631 9 2 3 564.239 395.681
1776131258222832275 10 0 0 1822.47 443.71
1776131258222832275 10 0 1 1860.43 442.284
1776131258222832275 10 0 2 1859.02 406.579
1776131258222832275 10 0 3 1821.09 408.433
1776131258222832275 9 2 0 564.48 437.178
1776131258222832275 9 2 1 603.755 437.619
1776131258222832275 9 2 2 604.075 396.303
1776131258222832275 9 2 3 564.383 395.706
1776131258256189697 10 0 0 1822.26 443.818
1776131258256189697 10 0 1 1860.15 441.991
1776131258256189697 10 0 2 1859.42 406.663
1776131258256189697 10 0 3 1821.13 408.373
1776131258256189697 9 2 0 564.394 437.101
1776131258256189697 9 2 1 603.76 437.605
1776131258256189697 9 2 2 604.054 396.333
1776131258256189697 9 2 3 564.331 395.638
1776131258389619873 10 0 0 1822.31 443.645
1776131258389619873 10 0 1 1860.46 442.018
1776131258389619873 10 0 2 1859.02 406.829
1776131258389619873 10 0 3 1821.17 408.192
1776131258389619873 9 2 0 564.41 437.026
1776131258389619873 9 2 1 603.893 437.774
1776131258389619873 9 2 2 603.994 396.26
1776131258389619873 9 2 3 564.41 395.606
1776131258656480469 10 0 0 1822.12 443.68
1776131258656480469 10 0 1 1860.22 442.012
1776131258656480469 10 0 2 1859.37 406.916
1776131258656480469 10 0 3 1821.35 408.279
1776131258656480469 9 2 0 564.484 437.174
1776131258656480469 9 2 1 603.837 437.576
1776131258656480469 9 2 2 603.967 396.353
1776131258656480469 9 2 3 564.431 395.566
1776131258856626465 10 0 0 1822.29 443.7
1776131258856626465 10 0 1 1860.4 441.847
1776131258856626465 10 0 2 1858.69 406.599
1776131258856626465 10 0 3 1821.18 408.346
1776131258856626465 9 2 0 564.374 437.01
1776131258856626465 9 2 1 603.766 437.709
1776131258856626465 9 2 2 604.2 396.325
1776131258856626465 9 2 3 564.466 395.689
1776131258889984131 10 0 0 1822.19 443.754
1776131258889984131 10 0 1 1860.15 441.76
1776131258889984131 10 0 2 1859.06 407.095
1776131258889984131 10 0 3 1821.19 408.189
1776131258889984131 9 2 0 564.528 437.121
1776131258889984131 9 2 1 603.784 437.657
1776131258889984131 9 2 2 604.113 396.154
1776131258889984131 9 2 3 564.32 395.753
1776131259123487793 10 0 0 1822.51 443.95
1776131259123487793 10 0 1 1860.42 441.869
1776131259123487793 10 0 2 1859.27 406.851
1776131259123487793 10 0 3 1821.08 408.309
1776131259123487793 9 2 0 564.438 437.067
1776131259123487793 9 2 1 603.715 437.621
1776131259123487793 9 2 2 603.998 396.336
1776131259123487793 9 2 3 564.367 395.689
1776131259323632813 10 0 0 1822.44 443.728
1776131259323632813 10 0 1 1860.3 441.888
1776131259323632813 10 0 2 1859.07 406.862
1776131259323632813 10 0 3 1821.14 408.375
1776131259323632813 9 2 0 564.306 437.148
1776131259323632813 9 2 1 603.84 437.682
1776131259323632813 9 2 2 603.931 396.187
1776131259323632813 9 2 3 564.535 395.641
1776131259356990479 10 0 0 1822.45 443.837
1776131259356990479 10 0 1 1860.04 442.111
1776131259356990479 10 0 2 1859.2 406.746
1776131259356990479 10 0 3 1821.28 408.479
1776131259356990479 9 2 0 564.413 437.213
1776131259356990479 9 2 1 603.706 437.618
1776131259356990479 9 2 2 604.089 396.274
1776131259356990479 9 2 3 564.301 395.67
1776131259590493408 10 0 0 1822.38 443.755
1776131259590493408 10 0 1 1859.91 442.117
1776131259590493408 10 0 2 1859.26 406.857
1776131259590493408 10 0 3 1821.13 408.346
1776131259590493408 9 2 0 564.538 437.116
1776131259590493408 9 2 1 603.685 437.594
1776131259590493408 9 2 2 604.1 396.209
1776131259590493408 9 2 3 564.236 395.72
1776131260491137939 10 0 0 1822.36 443.603
1776131260491137939 10 0 1 1860.46 442.048
1776131260491137939 10 0 2 1858.83 406.683
1776131260491137939 10 0 3 1821.24 408.24
1776131260591207764 10 0 0 1822.43 443.59
1776131260591207764 10 0 1 1860.27 442.038
1776131260591207764 10 0 2 1859.23 406.812
1776131260591207764 10 0 3 1821.13 408.253
1776131260757990967 10 0 0 1822.34 443.486
1776131260757990967 10 0 1 1860.33 442.097
1776131260757990967 10 0 2 1859.12 406.475
1776131260757990967 10 0 3 1821.14 408.359
1776131260924774170 10 0 0 1822.43 443.645
1776131260924774170 10 0 1 1860.25 441.945
1776131260924774170 10 0 2 1859.31 406.852
1776131260924774170 10 0 3 1820.88 408.42
1776131260924774170 9 2 0 564.341 437.151
1776131260924774170 9 2 1 603.814 437.543
1776131260924774170 9 2 2 603.987 396.321
1776131260924774170 9 2 3 564.623 395.594
1776131261124913330 10 0 0 1822.24 443.681
1776131261124913330 10 0 1 1860.29 441.957
1776131261124913330 10 0 2 1859.24 406.731
1776131261124913330 10 0 3 1821.37 408.352
1776131261124913330 9 2 0 564.493 437.083
1776131261124913330 9 2 1 603.763 437.558
1776131261124913330 9 2 2 604.038 396.226
1776131261124913330 9 2 3 564.419 395.69
1776131261291692871 10 0 0 1822.65 443.714
1776131261291692871 10 0 1 1860.34 442.171
1776131261291692871 10 0 2 1859.07 406.659
1776131261291692871 10 0 3 1820.95 408.283
1776131261291692871 9 2 0 564.378 437.254
1776131261291692871 9 2 1 603.758 437.54
1776131261291692871 9 2 2 604.105 396.136
1776131261291692871 9 2 3 564.236 395.673
1776131261391760742 10 0 0 1822.3 443.523
1776131261391760742 10 0 1 1860.79 442.023
1776131261391760742 10 0 2 1858.78 406.944
1776131261391760742 10 0 3 1821.27 408.016
1776131261391760742 9 2 0 564.503 437.193
1776131261391760742 9 2 1 603.975 437.563
1776131261391760742 9 2 2 603.933 396.18
1776131261391760742 9 2 3 564.366 395.665
1776131261591895752 10 0 0 1822.31 443.625
1776131261591895752 10 0 1 1860.26 442.134
1776131261591895752 10 0 2 1859.04 406.868
1776131261591895752 10 0 3 1821.23 408.252
1776131261591895752 9 2 0 564.414 437.031
1776131261591895752 9 2 1 603.782 437.615
1776131261591895752 9 2 2 604.151 396.187
1776131261591895752 9 2 3 564.385 395.718
1776131261691963379 10 0 0 1822.59 443.631
1776131261691963379 10 0 1 1860.53 441.994
1776131261691963379 10 0 2 1858.9 406.825
1776131261691963379 10 0 3 1821.08 408.187
1776131261691963379 9 2 0 564.376 437.152
1776131261691963379 9 2 1 603.87 437.516
1776131261691963379 9 2 2 603.912 396.273
1776131261691963379 9 2 3 564.254 395.682
1776131261892098145 10 0 0 1822.44 443.671
1776131261892098145 10 0 1 1860.53 442.135
1776131261892098145 10 0 2 1859.08 406.774
1776131261892098145 10 0 3 1821.11 408.389
1776131261892098145 9 2 0 564.6 437.2
1776131261892098145 9 2 1 603.653 437.623
1776131261892098145 9 2 2 604.166 396.191
1776131261892098145 9 2 3 564.226 395.713
1776131261992165527 10 0 0 1822.21 443.687
1776131261992165527 10 0 1 1860.42 442.163
1776131261992165527 10 0 2 1858.96 406.904
1776131261992165527 10 0 3 1821.21 408.446
1776131261992165527 9 2 0 564.45 437.092
1776131261992165527 9 2 1 603.669 437.684
1776131261992165527 9 2 2 604.041 396.278
1776131261992165527 9 2 3 564.435 395.688
1776131262158945313 10 0 0 1822.46 443.909
1776131262158945313 10 0 1 1860.21 441.924
1776131262158945313 10 0 2 1859.37 406.939
1776131262158945313 10 0 3 1820.97 408.195
1776131262158945313 9 2 0 564.4 437.181
1776131262158945313 9 2 1 603.594 437.674
1776131262158945313 9 2 2 604.106 396.181
1776131262158945313 9 2 3 564.483 395.691
1776131262192301514 10 0 0 1822.18 443.593
1776131262192301514 10 0 1 1860.31 442.064
1776131262192301514 10 0 2 1859.23 406.655
1776131262192301514 10 0 3 1821.37 408.346
1776131262192301514 9 2 0 564.529 437.127
1776131262192301514 9 2 1 603.776 437.64
1776131262192301514 9 2 2 604.052 396.35
1776131262192301514 9 2 3 564.43 395.59
1776131262325726318 10 0 0 1822.3 443.609
1776131262325726318 10 0 1 1860.55 441.898
1776131262325726318 10 0 2 1858.85 406.878
1776131262325726318 10 0 3 1821.16 408.385
1776131262325726318 9 2 0 564.3 437.11
1776131262325726318 9 2 1 603.641 437.625
1776131262325726318 9 2 2 604.099 396.284
1776131262325726318 9 2 3 564.468 395.681
1776131262559219727 10 0 0 1822.25 443.754
1776131262559219727 10 0 1 1860.69 441.804
1776131262559219727 10 0 2 1858.91 407.027
1776131262559219727 10 0 3 1821.3 408.176
1776131262559219727 9 2 0 564.32 437.148
1776131262559219727 9 2 1 603.68 437.633
1776131262559219727 9 2 2 604.072 396.27
1776131262559219727 9 2 3 564.406 395.73
1776131262759356689 10 0 0 1822.27 443.436
1776131262759356689 10 0 1 1860.67 442.406
1776131262759356689 10 0 2 1859.16 406.934
1776131262759356689 10 0 3 1821.35 408.251
1776131262759356689 9 2 0 564.331 437.02
1776131262759356689 9 2 1 603.623 437.6
1776131262759356689 9 2 2 604.126 396.256
1776131262759356689 9 2 3 564.35 395.776
1776131262892781250 10 0 0 1822.31 443.545
1776131262892781250 10 0 1 1860.75 442.203
1776131262892781250 10 0 2 1858.83 406.885
1776131262892781250 10 0 3 1821.19 408.267
1776131262892781250 9 2 0 564.229 437.088
1776131262892781250 9 2 1 603.865 437.65
1776131262892781250 9 2 2 603.954 396.186
1776131262892781250 9 2 3 564.444 395.714
1776131262926137451 10 0 0 1822.36 443.898
1776131262926137451 10 0 1 1860.32 441.915
1776131262926137451 10 0 2 1858.82 406.991
1776131262926137451 10 0 3 1821.32 408.274
1776131262926137451 9 2 0 564.388 437.122
1776131262926137451 9 2 1 603.758 437.634
1776131262926137451 9 2 2 604.09 396.29
1776131262926137451 9 2 3 564.436 395.738
1776131263059562012 10 0 0 1822.37 443.725
1776131263059562012 10 0 1 1860.57 442.052
1776131263059562012 10 0 2 1858.85 406.724
1776131263059562012 10 0 3 1820.98 408.207
1776131263059562012 9 2 0 564.376 437.086
1776131263059562012 9 2 1 603.743 437.666
1776131263059562012 9 2 2 604.071 396.334
1776131263059562012 9 2 3 564.453 395.586
1776131263293064697 10 0 0 1822.12 443.672
1776131263293064697 10 0 1 1860.51 442.086
1776131263293064697 10 0 2 1859.13 406.905
1776131263293064697 10 0 3 1821.31 408.344
1776131263293064697 9 2 0 564.404 437.11
1776131263293064697 9 2 1 603.789 437.789
1776131263293064697 9 2 2 604.067 396.196
1776131263293064697 9 2 3 564.382 395.75
1776131263493211670 9 2 0 564.413 437.205
1776131263493211670 9 2 1 603.824 437.608
1776131263493211670 9 2 2 604.144 396.23
1776131263493211670 9 2 3 564.312 395.754
1776131263593285400 9 2 0 564.412 437.139
1776131263593285400 9 2 1 603.657 437.635
1776131263593285400 9 2 2 604.135 396.269
1776131263593285400 9 2 3 564.316 395.702
1776131263760074951 9 2 0 564.551 437.221
1776131263760074951 9 2 1 603.851 437.638
1776131263760074951 9 2 2 603.899 396.331
1776131263760074951 9 2 3 564.125 395.588
1776131263793432861 9 2 0 564.567 437.135
1776131263793432861 9 2 1 603.771 437.683
1776131263793432861 9 2 2 603.978 396.338
1776131263793432861 9 2 3 564.257 395.728
1776131263993580811 9 2 0 564.478 437.226
1776131263993580811 9 2 1 603.666 437.656
1776131263993580811 9 2 2 604.082 396.387
1776131263993580811 9 2 3 564.348 395.67
1776131264193729492 9 2 0 564.412 437.111
1776131264193729492 9 2 1 603.831 437.651
1776131264193729492 9 2 2 604.059 396.278
1776131264193729492 9 2 3 564.21 395.767
1776131264360520508 9 2 0 564.397 437.163
1776131264360520508 9 2 1 603.844 437.621
1776131264360520508 9 2 2 604.034 396.155
1776131264360520508 9 2 3 564.465 395.775
1776131264493953613 9 2 0 564.376 437.155
1776131264493953613 9 2 1 603.752 437.6
1776131264493953613 9 2 2 604.068 396.387
1776131264493953613 9 2 3 564.396 395.622
1776131264627386719 9 2 0 564.515 437.025
1776131264627386719 9 2 1 603.824 437.648
1776131264627386719 9 2 2 604.101 396.156
1776131264627386719 9 2 3 564.219 395.808
1776131264760820313 9 2 0 564.369 437.096
1776131264760820313 9 2 1 603.767 437.681
1776131264760820313 9 2 2 604.026 396.302
1776131264760820313 9 2 3 564.246 395.64
1776131264894253906 9 2 0 564.569 437.148
1776131264894253906 9 2 1 603.821 437.601
1776131264894253906 9 2 2 604.138 396.161
1776131264894253906 9 2 3 564.337 395.778
1776131265061046143 9 2 0 564.321 437.191
1776131265061046143 9 2 1 603.799 437.661
1776131265061046143 9 2 2 603.989 396.201
1776131265061046143 9 2 3 564.452 395.842
1776131265194484619 9 2 0 564.552 437.124
1776131265194484619 9 2 1 603.767 437.68
1776131265194484619 9 2 2 603.882 396.249
1776131265194484619 9 2 3 564.194 395.786
1776131265227844727 9 2 0 564.442 437.132
1776131265227844727 9 2 1 603.807 437.611
1776131265227844727 9 2 2 604.046 396.315
1776131265227844727 9 2 3 564.358 395.743
1776131265327925049 9 2 0 564.396 437.082
1776131265327925049 9 2 1 603.695 437.755
1776131265327925049 9 2 2 604.024 396.126
1776131265327925049 9 2 3 564.193 395.846
1776131265461365723 9 2 0 564.469 437.089
1776131265461365723 9 2 1 603.717 437.578
1776131265461365723 9 2 2 604.046 396.292
1776131265461365723 9 2 3 564.295 395.679
1776131265594806885 9 2 0 564.333 437.288
1776131265594806885 9 2 1 603.741 437.443
1776131265594806885 9 2 2 604.047 396.113
1776131265594806885 9 2 3 564.335 395.783
1776131265728248535 9 2 0 564.307 437.133
1776131265728248535 9 2 1 603.688 437.663
1776131265728248535 9 2 2 604.049 396.387
1776131265728248535 9 2 3 564.459 395.643
1776131265895051025 9 2 0 564.477 437.278
1776131265895051025 9 2 1 603.595 437.648
1776131265895051025 9 2 2 604.141 396.185
1776131265895051025 9 2 3 564.372 395.607
1776131266128576172 9 2 0 564.344 437.253
1776131266128576172 9 2 1 603.634 437.667
1776131266128576172 9 2 2 604.106 396.359
1776131266128576172 9 2 3 564.29 395.617
1776131266328744873 9 2 0 564.509 437.118
1776131266328744873 9 2 1 603.744 437.657
1776131266328744873 9 2 2 604.112 396.453
1776131266328744873 9 2 3 564.211 395.496
1776131266428829590 9 2 0 564.48 437.149
1776131266428829590 9 2 1 603.832 437.798
1776131266428829590 9 2 2 604.081 396.429
1776131266428829590 9 2 3 564.232 395.676
1776131266629000000 9 2 0 564.361 437.048
1776131266629000000 9 2 1 603.616 437.751
1776131266629000000 9 2 2 604.17 396.204
1776131266629000000 9 2 3 564.402 395.817
1776131266729085449 9 2 0 564.445 437.195
1776131266729085449 9 2 1 603.748 437.516
1776131266729085449 9 2 2 604.122 396.358
1776131266729085449 9 2 3 564.254 395.555
1776131266862533203 9 2 0 564.573 437.229
1776131266862533203 9 2 1 603.678 437.671
1776131266862533203 9 2 2 604.108 396.176
1776131266862533203 9 2 3 564.28 395.78
1776131267029343506 9 2 0 564.489 437.109
1776131267029343506 9 2 1 603.899 437.636
1776131267029343506 9 2 2 604.005 396.244
1776131267029343506 9 2 3 564.405 395.637
1776131267162789307 9 2 0 564.371 437.199
1776131267162789307 9 2 1 603.753 437.607
1776131267162789307 9 2 2 604.031 396.254
1776131267162789307 9 2 3 564.355 395.76
1776131267196149902 9 2 0 564.444 437.024
1776131267196149902 9 2 1 603.767 437.647
1776131267196149902 9 2 2 603.988 396.181
1776131267196149902 9 2 3 564.365 395.723
1776131267296232422 9 2 0 564.344 437.11
1776131267296232422 9 2 1 603.813 437.588
1776131267296232422 9 2 2 604.02 396.187
1776131267296232422 9 2 3 564.321 395.632
1776131267463037109 9 2 0 564.474 437.119
1776131267463037109 9 2 1 603.794 437.651
1776131267463037109 9 2 2 604.091 396.257
1776131267463037109 9 2 3 564.212 395.666
1776131267696564453 9 2 0 564.457 437.128
1776131267696564453 9 2 1 603.809 437.621
1776131267696564453 9 2 2 604.018 396.187
1776131267696564453 9 2 3 564.41 395.729
1776131267863370361 9 2 0 564.406 437.136
1776131267863370361 9 2 1 603.62 437.53
1776131267863370361 9 2 2 604.189 396.169
1776131267863370361 9 2 3 564.397 395.679
1776131267896731689 9 2 0 564.416 437.099
1776131267896731689 9 2 1 603.851 437.698
1776131267896731689 9 2 2 604.114 396.265
1776131267896731689 9 2 3 564.309 395.661
1776131267996815674 9 2 0 564.354 437.237
1776131267996815674 9 2 1 603.79 437.6
1776131267996815674 9 2 2 604.069 396.337
1776131267996815674 9 2 3 564.493 395.676
1776131268130257568 9 2 0 564.587 437.197
1776131268130257568 9 2 1 603.769 437.61
1776131268130257568 9 2 2 604.091 396.239
1776131268130257568 9 2 3 564.282 395.634
1776131268263705811 9 2 0 564.34 437.194
1776131268263705811 9 2 1 603.78 437.613
1776131268263705811 9 2 2 604.061 396.143
1776131268263705811 9 2 3 564.453 395.88
1776131268430516846 9 2 0 564.519 437.261
1776131268430516846 9 2 1 603.778 437.525
1776131268430516846 9 2 2 604.083 396.249
1776131268430516846 9 2 3 564.232 395.745
1776131268664053711 9 2 0 564.423 437.096
1776131268664053711 9 2 1 603.721 437.714
1776131268664053711 9 2 2 603.956 396.381
1776131268664053711 9 2 3 564.369 395.71
1776131268864229736 9 2 0 564.387 437.085
1776131268864229736 9 2 1 603.732 437.659
1776131268864229736 9 2 2 604.018 396.297
1776131268864229736 9 2 3 564.384 395.562
1776131268897592529 9 2 0 564.322 437.042
1776131268897592529 9 2 1 603.839 437.697
1776131268897592529 9 2 2 603.997 396.224
1776131268897592529 9 2 3 564.479 395.601
1776131269097769775 9 2 0 564.332 437.165
1776131269097769775 9 2 1 603.835 437.53
1776131269097769775 9 2 2 603.888 396.337
1776131269097769775 9 2 3 564.313 395.624
1776131269264572754 9 2 0 564.454 437.22
1776131269264572754 9 2 1 603.661 437.524
1776131269264572754 9 2 2 604.178 396.268
1776131269264572754 9 2 3 564.319 395.65
1776131269364653076 9 2 0 564.297 437.096
1776131269364653076 9 2 1 603.795 437.696
1776131269364653076 9 2 2 604.006 396.325
1776131269364653076 9 2 3 564.453 395.644
1776131270598987793 9 2 0 564.366 437.046
1776131270598987793 9 2 1 603.902 437.791
1776131270598987793 9 2 2 603.892 396.359
1776131270598987793 9 2 3 564.243 395.656
1776131270699070068 9 2 0 564.45 437.125
1776131270699070068 9 2 1 603.784 437.642
1776131270699070068 9 2 2 603.962 396.281
1776131270699070068 9 2 3 564.163 395.703
1776131270799152344 9 2 0 564.337 437.181
1776131270799152344 9 2 1 603.759 437.548
1776131270799152344 9 2 2 604.046 396.354
1776131270799152344 9 2 3 564.386 395.718
1776131270932595703 9 2 0 564.492 437.185
1776131270932595703 9 2 1 603.722 437.613
1776131270932595703 9 2 2 604.062 396.316
1776131270932595703 9 2 3 564.245 395.627
1776131271066039307 9 2 0 564.488 437.212
1776131271066039307 9 2 1 603.583 437.556
1776131271066039307 9 2 2 604.133 396.232
1776131271066039307 9 2 3 564.302 395.783
1776131271232837158 9 2 0 564.445 437.023
1776131271232837158 9 2 1 603.688 437.63
1776131271232837158 9 2 2 604.012 396.276
1776131271232837158 9 2 3 564.242 395.619
1776131271466347900 9 2 0 564.444 437.094
1776131271466347900 9 2 1 603.793 437.613
1776131271466347900 9 2 2 604.007 396.297
1776131271466347900 9 2 3 564.375 395.59
1776131271633141357 9 2 0 564.356 437.228
1776131271633141357 9 2 1 603.922 437.522
1776131271633141357 9 2 2 603.997 396.307
1776131271633141357 9 2 3 564.39 395.645
1776131271666500000 9 2 0 564.47 437.088
1776131271666500000 9 2 1 603.751 437.615
1776131271666500000 9 2 2 604.002 396.362
1776131271666500000 9 2 3 564.375 395.782
1776131271766576172 9 2 0 564.468 437.071
1776131271766576172 9 2 1 603.795 437.619
1776131271766576172 9 2 2 603.966 396.281
1776131271766576172 9 2 3 564.324 395.641
1776131274235094238 10 0 0 1822.3 443.771
1776131274235094238 10 0 1 1860.24 442.01
1776131274235094238 10 0 2 1859.05 406.667
1776131274235094238 10 0 3 1821.04 408.578
1776131274335169189 10 0 0 1822.56 443.587
1776131274335169189 10 0 1 1860.55 442.018
1776131274335169189 10 0 2 1858.86 407.197
1776131274335169189 10 0 3 1821.13 408.034
1776131274435244385 10 0 0 1822.37 443.744
1776131274435244385 10 0 1 1860.33 441.854
1776131274435244385 10 0 2 1859.14 406.667
1776131274435244385 10 0 3 1821.43 408.459
1776131274535319580 10 0 0 1822.34 443.638
1776131274535319580 10 0 1 1860.57 442.05
1776131274535319580 10 0 2 1858.67 406.891
1776131274535319580 10 0 3 1821.17 408.36
1776131274802186523 10 0 0 1822.56 443.551
1776131274802186523 10 0 1 1860.48 442.078
1776131274802186523 10 0 2 1858.98 406.709
1776131274802186523 10 0 3 1820.79 408.327
1776131274835544922 10 0 0 1822.39 443.688
1776131274835544922 10 0 1 1860.27 441.908
1776131274835544922 10 0 2 1859.17 406.913
1776131274835544922 10 0 3 1821.21 408.34
1776131275736190430 9 2 0 564.425 437.204
1776131275736190430 9 2 1 603.738 437.657
1776131275736190430 9 2 2 604.118 396.222
1776131275736190430 9 2 3 564.335 395.577
1776131275836260254 9 2 0 564.366 437.117
1776131275836260254 9 2 1 603.873 437.669
1776131275836260254 9 2 2 603.873 396.307
1776131275836260254 9 2 3 564.361 395.691
1776131275936329834 9 2 0 564.434 437.102
1776131275936329834 9 2 1 603.528 437.628
1776131275936329834 9 2 2 604.244 396.31
1776131275936329834 9 2 3 564.315 395.699
1776131276036399170 9 2 0 564.432 437.163
1776131276036399170 9 2 1 603.785 437.558
1776131276036399170 9 2 2 603.826 396.29
1776131276036399170 9 2 3 564.232 395.689
1776131276303258789 10 0 0 1822.44 443.781
1776131276303258789 10 0 1 1860.29 442.057
1776131276303258789 10 0 2 1859.17 406.596
1776131276303258789 10 0 3 1821.24 408.593
1776131276303258789 9 2 0 564.503 437.208
1776131276303258789 9 2 1 603.774 437.642
1776131276303258789 9 2 2 604.046 396.293
1776131276303258789 9 2 3 564.278 395.694
1776131276470048584 10 0 0 1822.65 443.529
1776131276470048584 10 0 1 1860.04 442.002
1776131276470048584 10 0 2 1859.23 406.917
1776131276470048584 10 0 3 1820.98 408.259
1776131276470048584 9 2 0 564.256 437.153
1776131276470048584 9 2 1 603.703 437.536
1776131276470048584 9 2 2 604.102 396.211
1776131276470048584 9 2 3 564.298 395.667
1776131276503406494 10 0 0 1822.32 443.662
1776131276503406494 10 0 1 1860.41 442.205
1776131276503406494 10 0 2 1859 406.62
1776131276503406494 10 0 3 1821.31 408.634
1776131276503406494 9 2 0 564.446 437.223
1776131276503406494 9 2 1 603.842 437.604
1776131276503406494 9 2 2 603.96 396.128
1776131276503406494 9 2 3 564.332 395.71
1776131276636838135 10 0 0 1822.3 443.662
1776131276636838135 10 0 1 1860.42 441.985
1776131276636838135 10 0 2 1859.05 406.884
1776131276636838135 10 0 3 1821.32 408.538
1776131276636838135 9 2 0 564.344 437.234
1776131276636838135 9 2 1 603.75 437.496
1776131276636838135 9 2 2 604.038 396.371
1776131276636838135 9 2 3 564.352 395.613
1776131276903701172 10 0 0 1822.21 443.86
1776131276903701172 10 0 1 1860.35 442.124
1776131276903701172 10 0 2 1859.19 406.747
1776131276903701172 10 0 3 1821.27 408.354
1776131276903701172 9 2 0 564.348 437.031
1776131276903701172 9 2 1 603.699 437.634
1776131276903701172 9 2 2 603.978 396.259
1776131276903701172 9 2 3 564.322 395.603
1776131277070490234 10 0 0 1822.32 443.484
1776131277070490234 10 0 1 1860.13 442.091
1776131277070490234 10 0 2 1859.27 406.76
1776131277070490234 10 0 3 1821.6 408.232
1776131277070490234 9 2 0 564.464 437.195
1776131277070490234 9 2 1 603.908 437.744
1776131277070490234 9 2 2 603.927 396.212
1776131277070490234 9 2 3 564.251 395.725
1776131277203916016 10 0 0 1822.55 443.671
1776131277203916016 10 0 1 1860.08 441.875
1776131277203916016 10 0 2 1859.37 406.799
1776131277203916016 10 0 3 1821.28 408.322
1776131277237270752 10 0 0 1822.31 443.847
1776131277237270752 10 0 1 1860.45 441.939
1776131277237270752 10 0 2 1858.91 406.625
1776131277237270752 10 0 3 1821.31 408.39
1776131277370690430 10 0 0 1822.33 443.581
1776131277370690430 10 0 1 1860.17 442.141
1776131277370690430 10 0 2 1859.04 407.052
1776131277370690430 10 0 3 1821.06 408.229
1776131277604173340 10 0 0 1822.6 443.559
1776131277604173340 10 0 1 1860.18 442.128
1776131277604173340 10 0 2 1859.34 407.01
1776131277604173340 10 0 3 1820.99 408.253
1776131277737591553 10 0 0 1822.49 443.776
1776131277737591553 10 0 1 1860.33 442.032
1776131277737591553 10 0 2 1859.2 406.793
1776131277737591553 10 0 3 1821.11 408.282
1776131277904363770 10 0 0 1822.67 443.696
1776131277904363770 10 0 1 1860.45 442.11
1776131277904363770 10 0 2 1859.06 406.952
1776131277904363770 10 0 3 1820.85 408.108
1776131278004426758 10 0 0 1822.63 443.703
1776131278004426758 10 0 1 1860.45 442.002
1776131278004426758 10 0 2 1859 406.665
1776131278004426758 10 0 3 1821.09 408.353
1776131278171198242 10 0 0 1822.34 443.828
1776131278171198242 10 0 1 1860.29 442.002
1776131278171198242 10 0 2 1859.19 407.028
1776131278171198242 10 0 3 1821.16 408.355
1776131278304615967 10 0 0 1822.18 443.785
1776131278304615967 10 0 1 1860.39 442.171
1776131278304615967 10 0 2 1859.17 406.849
1776131278304615967 10 0 3 1821.2 408.335
1776131278438032959 10 0 0 1822.33 443.578
1776131278438032959 10 0 1 1860.33 442.148
1776131278438032959 10 0 2 1859.21 406.672
1776131278438032959 10 0 3 1821.33 408.377
1776131278571449463 10 0 0 1822.57 443.73
1776131278571449463 10 0 1 1860.32 442.199
1776131278571449463 10 0 2 1858.95 407.007
1776131278571449463 10 0 3 1820.91 408.376
1776131278704865723 10 0 0 1822.51 443.795
1776131278704865723 10 0 1 1860.24 442.01
1776131278704865723 10 0 2 1859.23 406.748
1776131278704865723 10 0 3 1821.19 408.211
1776131280172469482 10 0 0 1822.19 443.858
1776131280172469482 10 0 1 1860.47 442.008
1776131280172469482 10 0 2 1859.08 406.723
1776131280172469482 10 0 3 1821.54 408.501
1776131280305890137 10 0 0 1822.34 443.848
1776131280305890137 10 0 1 1860.28 441.886
1776131280305890137 10 0 2 1859.02 406.689
1776131280305890137 10 0 3 1821.28 408.272
1776131280405955078 10 0 0 1822.14 443.75
1776131280405955078 10 0 1 1860.34 442.225
1776131280405955078 10 0 2 1859.4 406.486
1776131280405955078 10 0 3 1821.35 408.453
1776131280539374756 10 0 0 1822.11 443.833
1776131280539374756 10 0 1 1860.01 442.119
1776131280539374756 10 0 2 1859.31 406.821
1776131280539374756 10 0 3 1821.38 408.408
1776131280706149170 10 0 0 1822.26 443.551
1776131280706149170 10 0 1 1860.43 442.207
1776131280706149170 10 0 2 1859.02 406.799
1776131280706149170 10 0 3 1821.27 408.41
1776131280739503906 10 0 0 1822.66 443.895
1776131280739503906 10 0 1 1860.53 441.675
1776131280739503906 10 0 2 1859.17 406.549
1776131280739503906 10 0 3 1821.18 408.447
1776131280839568115 10 0 0 1822.38 443.883
1776131280839568115 10 0 1 1860.56 441.768
1776131280839568115 10 0 2 1859.01 406.948
1776131280839568115 10 0 3 1821.07 408.341
1776131280972986572 10 0 0 1822.54 443.676
1776131280972986572 10 0 1 1860.24 442.058
1776131280972986572 10 0 2 1859.23 406.67
1776131280972986572 10 0 3 1820.93 408.667
1776131281106404785 10 0 0 1822.57 443.798
1776131281106404785 10 0 1 1860.27 442.109
1776131281106404785 10 0 2 1859.32 406.996
1776131281106404785 10 0 3 1821.18 408.32
1776131281273177490 10 0 0 1822.87 443.731
1776131281273177490 10 0 1 1860.61 442.056
1776131281273177490 10 0 2 1859.1 406.831
1776131281273177490 10 0 3 1820.74 408.42
1776131281540012695 10 0 0 1822.16 443.594
1776131281540012695 10 0 1 1860.58 442.318
1776131281540012695 10 0 2 1858.98 406.861
1776131281540012695 10 0 3 1821.37 408.323
1776131281673429688 10 0 0 1822.41 444.014
1776131281673429688 10 0 1 1860.61 441.901
1776131281673429688 10 0 2 1859.29 406.662
1776131281673429688 10 0 3 1821.39 408.331
1776131281706783936 10 0 0 1822.26 443.787
1776131281706783936 10 0 1 1860.54 441.949
1776131281706783936 10 0 2 1858.93 407.016
1776131281706783936 10 0 3 1821.22 408.184
1776131281806846436 10 0 0 1822.5 443.699
1776131281806846436 10 0 1 1860.02 441.987
1776131281806846436 10 0 2 1859.44 406.761
1776131281806846436 10 0 3 1821.06 408.352
1776131281940262695 10 0 0 1822.38 443.801
1776131281940262695 10 0 1 1860.09 442.03
1776131281940262695 10 0 2 1859.4 406.672
1776131281940262695 10 0 3 1821.22 408.409
1776131282073678711 10 0 0 1822.35 443.7
1776131282073678711 10 0 1 1860.36 442.113
1776131282073678711 10 0 2 1859.25 406.909
1776131282073678711 10 0 3 1821.04 408.293
1776131282207097412 10 0 0 1822.37 443.541
1776131282207097412 10 0 1 1860.34 442.181
1776131282207097412 10 0 2 1859.27 407.105
1776131282207097412 10 0 3 1821.39 407.935
1776131282340519287 10 0 0 1822.39 443.816
1776131282340519287 10 0 1 1860.48 441.895
1776131282340519287 10 0 2 1859.06 406.692
1776131282340519287 10 0 3 1821.01 408.416
1776131282507296143 10 0 0 1822.71 443.778
1776131282507296143 10 0 1 1860.35 442.083
1776131282507296143 10 0 2 1858.96 406.762
1776131282507296143 10 0 3 1821.23 408.483
1776131282774138916 10 0 0 1822.39 443.771
1776131282774138916 10 0 1 1860.32 442.26
1776131282774138916 10 0 2 1859.3 406.927
1776131282774138916 10 0 3 1821.22 408.517
1776131282907560059 10 0 0 1822.39 443.886
1776131282907560059 10 0 1 1860.62 441.907
1776131282907560059 10 0 2 1859 406.847
1776131282907560059 10 0 3 1821.17 408.231
1776131283007625732 10 0 0 1822.34 443.791
1776131283007625732 10 0 1 1860.31 441.927
1776131283007625732 10 0 2 1859.28 406.801
1776131283007625732 10 0 3 1821.29 408.377
1776131283107691406 10 0 0 1822.52 443.574
1776131283107691406 10 0 1 1860.28 442.134
1776131283107691406 10 0 2 1859.24 406.84
1776131283107691406 10 0 3 1821.04 408.319
1776131283274469482 10 0 0 1822.36 443.856
1776131283274469482 10 0 1 1860.3 441.592
1776131283274469482 10 0 2 1859.16 406.827
1776131283274469482 10 0 3 1821.32 408.394
1776131283374536377 10 0 0 1822.23 443.598
1776131283374536377 10 0 1 1860.16 442.089
1776131283374536377 10 0 2 1859.19 406.81
1776131283374536377 10 0 3 1821.44 408.439
1776131283541314453 10 0 0 1822.63 443.63
1776131283541314453 10 0 1 1860.32 442.202
1776131283541314453 10 0 2 1858.97 406.87
1776131283541314453 10 0 3 1820.94 408.252
1776131283641381348 10 0 0 1822.32 443.55
1776131283641381348 10 0 1 1860.61 442.247
1776131283641381348 10 0 2 1858.78 406.899
1776131283641381348 10 0 3 1821.13 408.284
1776131283808159180 10 0 0 1822.37 443.482
1776131283808159180 10 0 1 1860.27 442.13
1776131283808159180 10 0 2 1859.28 406.812
1776131283808159180 10 0 3 1821.4 408.442
1776131283908225586 10 0 0 1822.23 443.889
1776131283908225586 10 0 1 1860.28 442.036
1776131283908225586 10 0 2 1859.26 406.697
1776131283908225586 10 0 3 1821.21 408.267
1776131284075003174 10 0 0 1822.4 443.925
1776131284075003174 10 0 1 1860.25 442.103
1776131284075003174 10 0 2 1859.14 406.711
1776131284075003174 10 0 3 1820.89 408.452
1776131284108358643 10 0 0 1822.4 443.886
1776131284108358643 10 0 1 1860.21 441.882
1776131284108358643 10 0 2 1859.32 406.992
1776131284108358643 10 0 3 1821.24 408.168
1776131284208426270 10 0 0 1822.29 443.784
1776131284208426270 10 0 1 1860.46 442.104
1776131284208426270 10 0 2 1859.02 406.881
1776131284208426270 10 0 3 1821.01 408.503
1776131284341850342 10 0 0 1822.01 443.712
1776131284341850342 10 0 1 1860.25 442.107
1776131284341850342 10 0 2 1859.11 406.66
1776131284341850342 10 0 3 1821.52 408.395
1776131284475274414 10 0 0 1822.25 443.734
1776131284475274414 10 0 1 1860.07 442.125
1776131284475274414 10 0 2 1859.31 406.826
1776131284475274414 10 0 3 1821.27 408.428
1776131284608698486 10 0 0 1822.38 443.961
1776131284608698486 10 0 1 1860.25 442.113
1776131284608698486 10 0 2 1859.18 406.841
1776131284608698486 10 0 3 1821.37 408.175
1776131284742122559 10 0 0 1822.56 443.754
1776131284742122559 10 0 1 1860.68 442.07
1776131284742122559 10 0 2 1859.14 406.901
1776131284742122559 10 0 3 1820.78 408.204
1776131284975614502 10 0 0 1822.39 443.757
1776131284975614502 10 0 1 1860.38 441.966
1776131284975614502 10 0 2 1859.18 406.958
1776131284975614502 10 0 3 1821.1 408.286
1776131285109038330 10 0 0 1822.77 443.698
1776131285109038330 10 0 1 1860.34 442.188
1776131285109038330 10 0 2 1859.02 406.753
1776131285109038330 10 0 3 1820.94 408.373
1776131285242461670 10 0 0 1822.29 443.735
1776131285242461670 10 0 1 1860.41 441.992
1776131285242461670 10 0 2 1858.92 406.73
1776131285242461670 10 0 3 1821.15 408.304
1776131285275817383 10 0 0 1822.24 443.986
1776131285275817383 10 0 1 1860.62 441.978
1776131285275817383 10 0 2 1859.04 406.663
1776131285275817383 10 0 3 1821.14 408.327
1776131285375884277 10 0 0 1822.64 443.582
1776131285375884277 10 0 1 1860.33 441.941
1776131285375884277 10 0 2 1859.4 406.988
1776131285375884277 10 0 3 1821.44 408.314
1776131285509307129 10 0 0 1822.17 443.728
1776131285509307129 10 0 1 1860.43 441.755
1776131285509307129 10 0 2 1859 406.837
1776131285509307129 10 0 3 1821.14 408.297
1776131285642729492 10 0 0 1822.27 443.768
1776131285642729492 10 0 1 1860.26 441.963
1776131285642729492 10 0 2 1859.04 406.739
1776131285642729492 10 0 3 1821.1 408.401
1776131285776152100 10 0 0 1822.25 443.595
1776131285776152100 10 0 1 1860.09 442.035
1776131285776152100 10 0 2 1859.23 406.9
1776131285776152100 10 0 3 1821.52 408.355
1776131286009641113 10 0 0 1822.71 443.726
1776131286009641113 10 0 1 1860.47 442.142
1776131286009641113 10 0 2 1858.92 406.722
1776131286009641113 10 0 3 1821.17 408.436
1776131286176421631 10 0 0 1822.56 443.469
1776131286176421631 10 0 1 1860.2 442.43
1776131286176421631 10 0 2 1859.08 406.94
1776131286176421631 10 0 3 1821.06 408.181
1776131286309854736 10 0 0 1822.47 443.957
1776131286309854736 10 0 1 1860.54 441.657
1776131286309854736 10 0 2 1859.04 406.914
1776131286309854736 10 0 3 1820.91 408.397
1776131286643438965 9 2 0 564.421 437.074
1776131286643438965 9 2 1 603.773 437.659
1776131286643438965 9 2 2 604.085 396.306
1776131286643438965 9 2 3 564.314 395.783
1776131286676797363 9 2 0 564.256 436.919
1776131286676797363 9 2 1 603.655 437.683
1776131286676797363 9 2 2 604.162 396.181
1776131286676797363 9 2 3 564.29 395.736
1776131287844287842 10 0 0 1822.19 443.629
1776131287844287842 10 0 1 1860.38 441.985
1776131287844287842 10 0 2 1858.93 406.795
1776131287844287842 10 0 3 1821.32 408.553
1776131287877643311 10 0 0 1822.46 443.483
1776131287877643311 10 0 1 1860.29 442.241
1776131287877643311 10 0 2 1859.24 406.839
1776131287877643311 10 0 3 1821.21 408.49
1776131287944354736 10 0 0 1822.41 443.716
1776131287944354736 10 0 1 1860.45 441.975
1776131287944354736 10 0 2 1859.27 407.027
1776131287944354736 10 0 3 1821.13 408.355
